{"credit":"MadewithBlockbench","texture_size":[128,128],"textures":{"0":"elitecreatures:gym_decoration_v1/gym_bar","particle":"elitecreatures:gym_decoration_v1/gym_bar"},"elements":[{"from":[30,-16,-16],"to":[32,16,-14],"faces":{"north":{"uv":[0.25,0.5,0,4.5],"texture":"#0"},"east":{"uv":[0,0.5,0.25,4.5],"texture":"#0"},"south":{"uv":[0.25,0.5,0,4.5],"texture":"#0"},"west":{"uv":[0,0.5,0.25,4.5],"texture":"#0"},"up":{"uv":[3.75,0.6875,3.5,0.4375],"texture":"#0"},"down":{"uv":[0.75,0.5,0.5,0.75],"texture":"#0"}}},{"from":[-16,-16,-16],"to":[-14,16,-14],"faces":{"north":{"uv":[0,0.5,0.25,4.5],"texture":"#0"},"east":{"uv":[0.25,0.5,0,4.5],"texture":"#0"},"south":{"uv":[0,0.5,0.25,4.5],"texture":"#0"},"west":{"uv":[0.25,0.5,0,4.5],"texture":"#0"},"up":{"uv":[0.75,0.75,0.5,0.5],"texture":"#0"},"down":{"uv":[0.75,0.5,0.5,0.75],"texture":"#0"}}},{"from":[-16,16,-16],"to":[32,17,-14],"faces":{"north":{"uv":[0,0.25,6,0.375],"texture":"#0"},"east":{"uv":[6,0,6.25,0.125],"texture":"#0"},"south":{"uv":[0,0.25,6,0.375],"texture":"#0"},"west":{"uv":[6,0,6.25,0.125],"texture":"#0"},"up":{"uv":[6,0.25,0,0],"texture":"#0"},"down":{"uv":[6,0,0,0.25],"texture":"#0"}}},{"from":[-16,-16,14],"to":[-14,16,16],"rotation":{"angle":0,"axis":"y","origin":[16,0,0]},"faces":{"north":{"uv":[0.25,0.5,0,4.5],"texture":"#0"},"east":{"uv":[0,0.5,0.25,4.5],"texture":"#0"},"south":{"uv":[0.25,0.5,0,4.5],"texture":"#0"},"west":{"uv":[0,0.5,0.25,4.5],"texture":"#0"},"up":{"uv":[3.5,0.6875,3.75,0.4375],"texture":"#0"},"down":{"uv":[0.5,0.5,0.75,0.75],"texture":"#0"}}},{"from":[-16,16,14],"to":[32,17,16],"rotation":{"angle":0,"axis":"y","origin":[16,0,0]},"faces":{"north":{"uv":[6,0.25,0,0.375],"texture":"#0"},"east":{"uv":[6.25,0,6,0.125],"texture":"#0"},"south":{"uv":[6,0.25,0,0.375],"texture":"#0"},"west":{"uv":[6.25,0,6,0.125],"texture":"#0"},"up":{"uv":[0,0.25,6,0],"texture":"#0"},"down":{"uv":[0,0,6,0.25],"texture":"#0"}}},{"from":[30,-16,14],"to":[32,16,16],"rotation":{"angle":0,"axis":"y","origin":[16,0,0]},"faces":{"north":{"uv":[0,0.5,0.25,4.5],"texture":"#0"},"east":{"uv":[0.25,0.5,0,4.5],"texture":"#0"},"south":{"uv":[0,0.5,0.25,4.5],"texture":"#0"},"west":{"uv":[0.25,0.5,0,4.5],"texture":"#0"},"up":{"uv":[0.5,0.75,0.75,0.5],"texture":"#0"},"down":{"uv":[0.5,0.5,0.75,0.75],"texture":"#0"}}},{"from":[-9,16,-14],"to":[-8,17,14],"faces":{"north":{"uv":[0.625,1,0.75,1.125],"texture":"#0"},"east":{"uv":[0,0.375,3.5,0.5],"texture":"#0"},"south":{"uv":[0.625,1,0.75,1.125],"texture":"#0"},"west":{"uv":[0,0.375,3.5,0.5],"texture":"#0"},"up":{"uv":[0.625,4.5,0.5,1],"texture":"#0"},"down":{"uv":[0.625,1,0.5,4.5],"texture":"#0"}}},{"from":[0,16,-14],"to":[1,17,14],"faces":{"north":{"uv":[0.625,1,0.75,1.125],"texture":"#0"},"east":{"uv":[0,0.375,3.5,0.5],"texture":"#0"},"south":{"uv":[0.625,1,0.75,1.125],"texture":"#0"},"west":{"uv":[0,0.375,3.5,0.5],"texture":"#0"},"up":{"uv":[0.625,4.5,0.5,1],"texture":"#0"},"down":{"uv":[0.625,1,0.5,4.5],"texture":"#0"}}},{"from":[9,16,-14],"to":[10,17,14],"faces":{"north":{"uv":[0.625,1,0.75,1.125],"texture":"#0"},"east":{"uv":[0,0.375,3.5,0.5],"texture":"#0"},"south":{"uv":[0.625,1,0.75,1.125],"texture":"#0"},"west":{"uv":[0,0.375,3.5,0.5],"texture":"#0"},"up":{"uv":[0.625,4.5,0.5,1],"texture":"#0"},"down":{"uv":[0.625,1,0.5,4.5],"texture":"#0"}}},{"from":[17,16,-14],"to":[18,17,14],"faces":{"north":{"uv":[0.625,1,0.75,1.125],"texture":"#0"},"east":{"uv":[0,0.375,3.5,0.5],"texture":"#0"},"south":{"uv":[0.625,1,0.75,1.125],"texture":"#0"},"west":{"uv":[0,0.375,3.5,0.5],"texture":"#0"},"up":{"uv":[0.625,4.5,0.5,1],"texture":"#0"},"down":{"uv":[0.625,1,0.5,4.5],"texture":"#0"}}},{"from":[25,16,-14],"to":[26,17,14],"faces":{"north":{"uv":[0.625,1,0.75,1.125],"texture":"#0"},"east":{"uv":[0,0.375,3.5,0.5],"texture":"#0"},"south":{"uv":[0.625,1,0.75,1.125],"texture":"#0"},"west":{"uv":[0,0.375,3.5,0.5],"texture":"#0"},"up":{"uv":[0.625,4.5,0.5,1],"texture":"#0"},"down":{"uv":[0.625,1,0.5,4.5],"texture":"#0"}}},{"from":[30,-12,-14],"to":[32,-10,14],"faces":{"north":{"uv":[3.5,0.4375,3.75,0.6875],"texture":"#0"},"east":{"uv":[0.5,0.75,4,1],"texture":"#0"},"south":{"uv":[3.5,0.4375,3.75,0.6875],"texture":"#0"},"west":{"uv":[0.5,0.75,4,1],"texture":"#0"},"up":{"uv":[0.5,4,0.25,0.5],"texture":"#0"},"down":{"uv":[0.25,4.5,0,8],"texture":"#0"}}},{"from":[-16,-12,-14],"to":[-14,-10,14],"faces":{"north":{"uv":[0.5,0.5,0.75,0.75],"texture":"#0"},"east":{"uv":[0.5,0.75,4,1],"texture":"#0"},"south":{"uv":[0.5,0.5,0.75,0.75],"texture":"#0"},"west":{"uv":[0.5,0.75,4,1],"texture":"#0"},"up":{"uv":[0.5,4,0.25,0.5],"texture":"#0"},"down":{"uv":[0.25,4.5,0,8],"texture":"#0"}}}],"gui_light":"front","display":{"thirdperson_righthand":{"rotation":[67.5,0,0],"translation":[0,0.75,1.75],"scale":[0.11633,0.11633,0.11633]},"thirdperson_lefthand":{"rotation":[67.5,0,0],"translation":[0,0.75,1.75],"scale":[0.11633,0.11633,0.11633]},"firstperson_righthand":{"translation":[0.75,2.5,0],"scale":[0.29992,0.29992,0.29992]},"firstperson_lefthand":{"translation":[0.75,2.5,0],"scale":[0.29992,0.29992,0.29992]},"ground":{"translation":[0,4.5,1.25],"scale":[0.21,0.21,0.21]},"gui":{"rotation":[31,135,0],"translation":[1.25,2.25,0],"scale":[0.24766,0.24766,0.24766]},"head":{"translation":[0,3,14.75],"scale":[0,0,0]},"fixed":{"rotation":[-90,0,0],"translation":[-32,32,-48],"scale":[2,2,2]}}}