{"credit":"MadewithBlockbench","texture_size":[64,64],"textures":{"0":"elitecreatures:gym_decoration_v1/gym_locker","particle":"elitecreatures:gym_decoration_v1/gym_locker"},"elements":[{"from":[0,0,0],"to":[16,32,17],"faces":{"north":{"uv":[4.375,0,8.375,8],"texture":"#0"},"east":{"uv":[0,0,4.25,8],"texture":"#0"},"south":{"uv":[0,0,4.25,8],"texture":"#0"},"west":{"uv":[0,0,4.25,8],"texture":"#0"},"up":{"uv":[12.5,4.25,8.5,0],"texture":"#0"},"down":{"uv":[12.5,0,8.5,4.25],"texture":"#0"}}}],"gui_light":"front","display":{"thirdperson_righthand":{"rotation":[67.5,0,0],"translation":[0,1,-0.75],"scale":[0.2,0.2,0.2]},"thirdperson_lefthand":{"rotation":[67.5,0,0],"translation":[0,1,-0.75],"scale":[0.2,0.2,0.2]},"firstperson_righthand":{"translation":[-1.25,2,0],"scale":[0.32695,0.32695,0.32695]},"firstperson_lefthand":{"translation":[-1.25,2,0],"scale":[0.32695,0.32695,0.32695]},"ground":{"scale":[0.24,0.24,0.24]},"gui":{"rotation":[38,135,0],"translation":[0,-2.5,0],"scale":[0.37477,0.37477,0.37477]},"head":{"translation":[0,3,14.75],"scale":[0,0,0]},"fixed":{"rotation":[-90,0,0],"translation":[0,0,-16],"scale":[2,2,2]}}}