{"credit":"MadewithBlockbench","texture_size":[64,64],"textures":{"0":"elitecreatures:gym_decoration_v1/gym_machine_12","particle":"elitecreatures:gym_decoration_v1/gym_machine_12"},"elements":[{"from":[6,5,-5],"to":[10,6,-3],"rotation":{"angle":0,"axis":"y","origin":[0,0,-6.75]},"faces":{"north":{"uv":[4,2.5,5,2.75],"texture":"#0"},"east":{"uv":[4.5,2.25,5,2.5],"texture":"#0"},"south":{"uv":[4,2.5,5,2.75],"texture":"#0"},"west":{"uv":[4.5,2.25,5,2.5],"texture":"#0"},"up":{"uv":[3.5,3.5,2.5,3],"texture":"#0"},"down":{"uv":[3.5,3,2.5,3.5],"texture":"#0"}}},{"from":[7,5,-3],"to":[9,6,12],"rotation":{"angle":0,"axis":"y","origin":[0,0,-3]},"faces":{"north":{"uv":[4.75,3.75,5.25,4],"texture":"#0"},"east":{"uv":[1,3.75,4.75,4],"texture":"#0"},"south":{"uv":[4.75,3.75,5.25,4],"texture":"#0"},"west":{"uv":[1,3.75,4.75,4],"texture":"#0"},"up":{"uv":[0.5,3.75,0,0],"texture":"#0"},"down":{"uv":[0.5,0,0,3.75],"texture":"#0"}}},{"from":[3,5,12],"to":[13,6,13],"rotation":{"angle":0,"axis":"y","origin":[0,0,-3]},"faces":{"north":{"uv":[2.5,2.75,5,3],"texture":"#0"},"east":{"uv":[5.5,1.25,5.75,1.5],"texture":"#0"},"south":{"uv":[2.5,2.75,5,3],"texture":"#0"},"west":{"uv":[5.5,1.25,5.75,1.5],"texture":"#0"},"up":{"uv":[5,3,2.5,2.75],"texture":"#0"},"down":{"uv":[5,2.75,2.5,3],"texture":"#0"}}},{"from":[3,9.75,12],"to":[13,10.75,13],"rotation":{"angle":0,"axis":"y","origin":[0,0,-3]},"faces":{"north":{"uv":[1,4,3.5,4.25],"texture":"#0"},"east":{"uv":[3.5,3,3.75,3.25],"texture":"#0"},"south":{"uv":[1,4,3.5,4.25],"texture":"#0"},"west":{"uv":[3.5,3,3.75,3.25],"texture":"#0"},"up":{"uv":[3.5,4.25,1,4],"texture":"#0"},"down":{"uv":[3.5,4,1,4.25],"texture":"#0"}}},{"from":[13,0,8],"to":[14,1,16],"rotation":{"angle":0,"axis":"y","origin":[0,0,-3]},"faces":{"north":{"uv":[5.5,3,5.75,3.25],"texture":"#0"},"east":{"uv":[3.5,3.5,5.5,3.75],"texture":"#0"},"south":{"uv":[5.5,3,5.75,3.25],"texture":"#0"},"west":{"uv":[3.5,3.5,5.5,3.75],"texture":"#0"},"up":{"uv":[5.75,5.25,5.5,3.25],"texture":"#0"},"down":{"uv":[5.75,3.25,5.5,5.25],"texture":"#0"}}},{"from":[13,1,11],"to":[14,18,13],"rotation":{"angle":0,"axis":"y","origin":[0,0,-3]},"faces":{"north":{"uv":[5.75,0.75,6,5],"texture":"#0"},"east":{"uv":[0.5,0.25,1,4.5],"texture":"#0"},"south":{"uv":[5.75,0.75,6,5],"texture":"#0"},"west":{"uv":[0.5,0.25,1,4.5],"texture":"#0"},"up":{"uv":[5.75,1.25,5.5,0.75],"texture":"#0"},"down":{"uv":[5.75,0.75,5.5,1.25],"texture":"#0"}}},{"from":[2,1,11],"to":[3,18,13],"rotation":{"angle":0,"axis":"y","origin":[16,0,-3]},"faces":{"north":{"uv":[6,0.75,5.75,5],"texture":"#0"},"east":{"uv":[1,0.25,0.5,4.5],"texture":"#0"},"south":{"uv":[6,0.75,5.75,5],"texture":"#0"},"west":{"uv":[1,0.25,0.5,4.5],"texture":"#0"},"up":{"uv":[5.5,1.25,5.75,0.75],"texture":"#0"},"down":{"uv":[5.5,0.75,5.75,1.25],"texture":"#0"}}},{"from":[2,0,8],"to":[3,1,16],"rotation":{"angle":0,"axis":"y","origin":[16,0,-3]},"faces":{"north":{"uv":[5.75,3,5.5,3.25],"texture":"#0"},"east":{"uv":[5.5,3.5,3.5,3.75],"texture":"#0"},"south":{"uv":[5.75,3,5.5,3.25],"texture":"#0"},"west":{"uv":[5.5,3.5,3.5,3.75],"texture":"#0"},"up":{"uv":[5.5,5.25,5.75,3.25],"texture":"#0"},"down":{"uv":[5.5,3.25,5.75,5.25],"texture":"#0"}}},{"from":[13,1,11],"to":[14,18,13],"rotation":{"angle":0,"axis":"y","origin":[0,0,-3]},"faces":{"north":{"uv":[5.75,0.75,6,5],"texture":"#0"},"east":{"uv":[0.5,0.25,1,4.5],"texture":"#0"},"south":{"uv":[5.75,0.75,6,5],"texture":"#0"},"west":{"uv":[0.5,0.25,1,4.5],"texture":"#0"},"up":{"uv":[5.75,1.25,5.5,0.75],"texture":"#0"},"down":{"uv":[5.75,0.75,5.5,1.25],"texture":"#0"}}},{"from":[13,0,8],"to":[14,1,16],"rotation":{"angle":0,"axis":"y","origin":[0,0,-3]},"faces":{"north":{"uv":[5.5,3,5.75,3.25],"texture":"#0"},"east":{"uv":[3.5,3.5,5.5,3.75],"texture":"#0"},"south":{"uv":[5.5,3,5.75,3.25],"texture":"#0"},"west":{"uv":[3.5,3.5,5.5,3.75],"texture":"#0"},"up":{"uv":[5.75,5.25,5.5,3.25],"texture":"#0"},"down":{"uv":[5.75,3.25,5.5,5.25],"texture":"#0"}}},{"from":[7,1,-4.5],"to":[9,6,-3.5],"rotation":{"angle":0,"axis":"y","origin":[0,0,-6.75]},"faces":{"north":{"uv":[5,2.25,5.5,3.5],"texture":"#0"},"east":{"uv":[5.5,1.75,5.75,3],"texture":"#0"},"south":{"uv":[5,2.25,5.5,3.5],"texture":"#0"},"west":{"uv":[5.5,1.75,5.75,3],"texture":"#0"},"up":{"uv":[4.5,2.5,4,2.25],"texture":"#0"},"down":{"uv":[4.5,2.25,4,2.5],"texture":"#0"}}},{"from":[3,0,-4.5],"to":[13,1,-3.5],"rotation":{"angle":0,"axis":"y","origin":[0,0,-6.75]},"faces":{"north":{"uv":[1,3.5,3.5,3.75],"texture":"#0"},"east":{"uv":[5.75,0.25,6,0.5],"texture":"#0"},"south":{"uv":[1,3.5,3.5,3.75],"texture":"#0"},"west":{"uv":[5.75,0.25,6,0.5],"texture":"#0"},"up":{"uv":[3.5,3.75,1,3.5],"texture":"#0"},"down":{"uv":[3.5,3.5,1,3.75],"texture":"#0"}}},{"from":[-3,16,11.5],"to":[19,17,12.5],"rotation":{"angle":0,"axis":"y","origin":[0,0,-3]},"faces":{"north":{"uv":[0.5,0,6,0.25],"texture":"#0"},"east":{"uv":[5.5,1.5,5.75,1.75],"texture":"#0"},"south":{"uv":[0.5,0.25,6,0],"texture":"#0"},"west":{"uv":[5.5,1.5,5.75,1.75],"texture":"#0"},"up":{"uv":[6,0,0.5,0.25],"texture":"#0"},"down":{"uv":[6,0,0.5,0.25],"texture":"#0"}}},{"from":[16,14,9.5],"to":[17,19,14.5],"rotation":{"angle":0,"axis":"y","origin":[0,0,-3]},"faces":{"north":{"uv":[5.25,1,5.5,2.25],"texture":"#0"},"east":{"uv":[4,1,5.25,2.25],"texture":"#0"},"south":{"uv":[5.25,1,5.5,2.25],"texture":"#0"},"west":{"uv":[4,1,5.25,2.25],"texture":"#0"},"up":{"uv":[5.5,2.25,5.25,1],"texture":"#0"},"down":{"uv":[5.5,1,5.25,2.25],"texture":"#0"}}},{"from":[-1,14,9.5],"to":[0,19,14.5],"rotation":{"angle":0,"axis":"y","origin":[16,0,-3]},"faces":{"north":{"uv":[5.5,1,5.25,2.25],"texture":"#0"},"east":{"uv":[5.25,1,4,2.25],"texture":"#0"},"south":{"uv":[5.5,1,5.25,2.25],"texture":"#0"},"west":{"uv":[5.25,1,4,2.25],"texture":"#0"},"up":{"uv":[5.25,2.25,5.5,1],"texture":"#0"},"down":{"uv":[5.25,1,5.5,2.25],"texture":"#0"}}},{"from":[16,14,9.5],"to":[17,19,14.5],"rotation":{"angle":0,"axis":"y","origin":[0,0,-3]},"faces":{"north":{"uv":[5.25,1,5.5,2.25],"texture":"#0"},"east":{"uv":[4,1,5.25,2.25],"texture":"#0"},"south":{"uv":[5.25,1,5.5,2.25],"texture":"#0"},"west":{"uv":[4,1,5.25,2.25],"texture":"#0"},"up":{"uv":[5.5,2.25,5.25,1],"texture":"#0"},"down":{"uv":[5.5,1,5.25,2.25],"texture":"#0"}}},{"from":[4.9,8.44938,0.81388],"to":[11.1,9.44938,13.81388],"rotation":{"angle":-22.5,"axis":"x","origin":[8,8.94938,7.31388]},"faces":{"north":{"uv":[2.5,0.5,4,0.75],"texture":"#0"},"east":{"uv":[2.5,0.25,5.75,0.5],"texture":"#0"},"south":{"uv":[2.5,0.5,4,0.75],"texture":"#0"},"west":{"uv":[2.5,0.25,5.75,0.5],"texture":"#0"},"up":{"uv":[2.5,3.5,1,0.25],"rotation":180,"texture":"#0"},"down":{"uv":[2.5,0.25,1,3.5],"texture":"#0"}}},{"from":[5,6,-6.5],"to":[11,7,1.5],"rotation":{"angle":0,"axis":"y","origin":[0,0,-6.75]},"faces":{"north":{"uv":[4,0.75,5.5,1],"texture":"#0"},"east":{"uv":[4,0.5,6,0.75],"texture":"#0"},"south":{"uv":[4,0.75,5.5,1],"texture":"#0"},"west":{"uv":[4,0.5,6,0.75],"texture":"#0"},"up":{"uv":[4,2.75,2.5,0.75],"texture":"#0"},"down":{"uv":[4,0.75,2.5,2.75],"texture":"#0"}}}],"gui_light":"front","display":{"thirdperson_righthand":{"rotation":[67.5,0,0],"translation":[0,1.25,0.5],"scale":[0.24664,0.24664,0.24664]},"thirdperson_lefthand":{"rotation":[67.5,0,0],"translation":[0,1.25,0.5],"scale":[0.24664,0.24664,0.24664]},"firstperson_righthand":{"translation":[-1.75,3.25,0],"scale":[0.52656,0.52656,0.52656]},"firstperson_lefthand":{"translation":[-1.75,3.25,0],"scale":[0.52656,0.52656,0.52656]},"ground":{"translation":[0,1,0],"scale":[0.46,0.46,0.46]},"gui":{"rotation":[28,148,0],"translation":[0,-0.5,0],"scale":[0.53188,0.53188,0.53188]},"head":{"translation":[0,3,14.75],"scale":[0,0,0]},"fixed":{"rotation":[-90,0,0],"translation":[0,-8,-24],"scale":[3,3,3]}}}