{"credit":"MadewithBlockbench","texture_size":[64,64],"textures":{"0":"elitecreatures:gym_decoration_v1/gym_machine_5","particle":"elitecreatures:gym_decoration_v1/gym_machine_5"},"elements":[{"from":[14,0,7],"to":[16,32,9],"rotation":{"angle":0,"axis":"y","origin":[7.5,15,2.93934]},"faces":{"north":{"uv":[3,0,3.5,8],"texture":"#0"},"east":{"uv":[3,0,3.5,8],"texture":"#0"},"south":{"uv":[3,0,3.5,8],"texture":"#0"},"west":{"uv":[3,0,3.5,8],"texture":"#0"},"up":{"uv":[4,0.5,3.5,0],"texture":"#0"},"down":{"uv":[4,0,3.5,0.5],"texture":"#0"}}},{"from":[0,0,7],"to":[2,32,9],"rotation":{"angle":0,"axis":"y","origin":[7.5,15,2.93934]},"faces":{"north":{"uv":[3,0,3.5,8],"texture":"#0"},"east":{"uv":[3,0,3.5,8],"texture":"#0"},"south":{"uv":[3,0,3.5,8],"texture":"#0"},"west":{"uv":[3,0,3.5,8],"texture":"#0"},"up":{"uv":[4,0.5,3.5,0],"texture":"#0"},"down":{"uv":[4,0,3.5,0.5],"texture":"#0"}}},{"from":[2,28,7.5],"to":[14,32,8.5],"rotation":{"angle":0,"axis":"y","origin":[7.5,15,2.93934]},"faces":{"north":{"uv":[3.5,0.5,6.5,1.5],"texture":"#0"},"south":{"uv":[3.5,0.5,6.5,1.5],"texture":"#0"},"up":{"uv":[7,0.25,4,0],"texture":"#0"},"down":{"uv":[7,0,4,0.25],"texture":"#0"}}},{"from":[2,0,8],"to":[14,28,8],"rotation":{"angle":0,"axis":"y","origin":[7.5,15,2.93934]},"faces":{"north":{"uv":[0,0,3,7],"texture":"#0"},"east":{"uv":[0,0,0,7],"texture":"#0"},"south":{"uv":[0,0,3,7],"texture":"#0"},"west":{"uv":[0,0,0,7],"texture":"#0"},"up":{"uv":[3,0,0,0],"texture":"#0"},"down":{"uv":[3,0,0,0],"texture":"#0"}}},{"from":[7,29,5.5],"to":[9,31,7.5],"rotation":{"angle":0,"axis":"y","origin":[7.5,15,2.93934]},"faces":{"east":{"uv":[4,2,4.5,2.5],"texture":"#0"},"west":{"uv":[4.5,2,4,2.5],"texture":"#0"},"up":{"uv":[5.5,2.75,5,2.25],"texture":"#0"},"down":{"uv":[4.5,2,4,2.5],"texture":"#0"}}},{"from":[7,14.87868,3.37868],"to":[9,28.87868,5.37868],"rotation":{"angle":0,"axis":"y","origin":[7.5,15,2.93934]},"faces":{"north":{"uv":[3.5,1.5,4,5],"texture":"#0"},"east":{"uv":[3.5,1.5,4,5],"texture":"#0"},"south":{"uv":[3.5,1.5,4,5],"texture":"#0"},"west":{"uv":[3.5,1.5,4,5],"texture":"#0"},"down":{"uv":[5.5,1.75,5,2.25],"texture":"#0"}}},{"from":[11,14.87868,-0.62132],"to":[13,26.87868,1.37868],"rotation":{"angle":0,"axis":"y","origin":[7.5,15,2.93934]},"faces":{"north":{"uv":[0,7,0.5,10],"texture":"#0"},"east":{"uv":[0,7,0.5,10],"texture":"#0"},"south":{"uv":[0,7,0.5,10],"texture":"#0"},"west":{"uv":[0,7,0.5,10],"texture":"#0"},"up":{"uv":[1,7.5,0.5,7],"texture":"#0"},"down":{"uv":[1,7,0.5,7.5],"texture":"#0"}}},{"from":[12,14.87868,-3.62132],"to":[12,26.87868,-0.62132],"rotation":{"angle":0,"axis":"y","origin":[7.5,15,2.93934]},"faces":{"north":{"uv":[0,0,0,3],"texture":"#0"},"east":{"uv":[4,2.5,4.75,5.5],"texture":"#0"},"south":{"uv":[0,0,0,3],"texture":"#0"},"west":{"uv":[4.75,2.5,4,5.5],"texture":"#0"},"up":{"uv":[0,0.75,0,0],"texture":"#0"},"down":{"uv":[0,0,0,0.75],"texture":"#0"}}},{"from":[3,14.87868,-0.62132],"to":[5,26.87868,1.37868],"rotation":{"angle":0,"axis":"y","origin":[7.5,15,2.93934]},"faces":{"north":{"uv":[0,7,0.5,10],"texture":"#0"},"east":{"uv":[0,7,0.5,10],"texture":"#0"},"south":{"uv":[0,7,0.5,10],"texture":"#0"},"west":{"uv":[0,7,0.5,10],"texture":"#0"},"up":{"uv":[1,7.5,0.5,7],"texture":"#0"},"down":{"uv":[1,7,0.5,7.5],"texture":"#0"}}},{"from":[4,14.87868,-3.62132],"to":[4,26.87868,-0.62132],"rotation":{"angle":0,"axis":"y","origin":[7.5,15,2.93934]},"faces":{"north":{"uv":[0,0,0,3],"texture":"#0"},"east":{"uv":[4,2.5,4.75,5.5],"texture":"#0"},"south":{"uv":[0,0,0,3],"texture":"#0"},"west":{"uv":[4.75,2.5,4,5.5],"texture":"#0"},"up":{"uv":[0,0.75,0,0],"texture":"#0"},"down":{"uv":[0,0,0,0.75],"texture":"#0"}}},{"from":[5,25.87868,-0.12132],"to":[11,26.87868,0.87868],"rotation":{"angle":0,"axis":"y","origin":[7.5,15,2.93934]},"faces":{"north":{"uv":[4,0.25,5.5,0.5],"texture":"#0"},"south":{"uv":[4,0.25,5.5,0.5],"texture":"#0"},"up":{"uv":[5.5,0.5,4,0.25],"texture":"#0"},"down":{"uv":[5.5,0.25,4,0.5],"texture":"#0"}}},{"from":[7.5,25.87868,0.87868],"to":[8.5,26.87868,3.87868],"rotation":{"angle":0,"axis":"y","origin":[7.5,15,2.93934]},"faces":{"east":{"uv":[4.75,1.5,5.5,1.75],"texture":"#0"},"west":{"uv":[4.75,1.5,5.5,1.75],"texture":"#0"},"up":{"uv":[5,2.5,4.75,1.75],"texture":"#0"},"down":{"uv":[5,1.75,4.75,2.5],"texture":"#0"}}},{"from":[5,15.87868,-0.12132],"to":[11,16.87868,0.87868],"rotation":{"angle":0,"axis":"y","origin":[7.5,15,2.93934]},"faces":{"north":{"uv":[4,0.25,5.5,0.5],"texture":"#0"},"south":{"uv":[4,0.25,5.5,0.5],"texture":"#0"},"up":{"uv":[5.5,0.5,4,0.25],"texture":"#0"},"down":{"uv":[5.5,0.25,4,0.5],"texture":"#0"}}},{"from":[7.5,15.87868,0.87868],"to":[8.5,16.87868,3.87868],"rotation":{"angle":0,"axis":"y","origin":[7.5,15,2.93934]},"faces":{"east":{"uv":[4.75,1.5,5.5,1.75],"texture":"#0"},"west":{"uv":[4.75,1.5,5.5,1.75],"texture":"#0"},"up":{"uv":[5,2.5,4.75,1.75],"texture":"#0"},"down":{"uv":[5,1.75,4.75,2.5],"texture":"#0"}}},{"from":[7,22.50305,13.06371],"to":[9,24.50305,16.06371],"rotation":{"angle":-45,"axis":"x","origin":[7.5,15,2.93934]},"faces":{"east":{"uv":[4,1.5,4.75,2],"texture":"#0"},"west":{"uv":[4.75,1.5,4,2],"texture":"#0"},"up":{"uv":[4,5.75,3.5,5],"texture":"#0"},"down":{"uv":[4,5,3.5,5.75],"texture":"#0"}}},{"from":[7,29,8.5],"to":[9,31,10.5],"rotation":{"angle":0,"axis":"y","origin":[7.5,15,13.06066]},"faces":{"east":{"uv":[4.5,2,4,2.5],"texture":"#0"},"west":{"uv":[4,2,4.5,2.5],"texture":"#0"},"up":{"uv":[5.5,2.25,5,2.75],"texture":"#0"},"down":{"uv":[4.5,2.5,4,2],"texture":"#0"}}},{"from":[7,22.50305,-0.06371],"to":[9,24.50305,2.93629],"rotation":{"angle":45,"axis":"x","origin":[7.5,15,13.06066]},"faces":{"east":{"uv":[4.75,1.5,4,2],"texture":"#0"},"west":{"uv":[4,1.5,4.75,2],"texture":"#0"},"up":{"uv":[4,5,3.5,5.75],"texture":"#0"},"down":{"uv":[4,5.75,3.5,5],"texture":"#0"}}},{"from":[7,14.87868,10.62132],"to":[9,28.87868,12.62132],"rotation":{"angle":0,"axis":"y","origin":[7.5,15,13.06066]},"faces":{"north":{"uv":[4,1.5,3.5,5],"texture":"#0"},"east":{"uv":[4,1.5,3.5,5],"texture":"#0"},"south":{"uv":[4,1.5,3.5,5],"texture":"#0"},"west":{"uv":[4,1.5,3.5,5],"texture":"#0"},"down":{"uv":[5.5,2.25,5,1.75],"texture":"#0"}}},{"from":[3,14.87868,14.62132],"to":[5,26.87868,16.62132],"rotation":{"angle":0,"axis":"y","origin":[7.5,15,13.06066]},"faces":{"north":{"uv":[0.5,7,0,10],"texture":"#0"},"east":{"uv":[0.5,7,0,10],"texture":"#0"},"south":{"uv":[0.5,7,0,10],"texture":"#0"},"west":{"uv":[0.5,7,0,10],"texture":"#0"},"up":{"uv":[1,7,0.5,7.5],"texture":"#0"},"down":{"uv":[1,7.5,0.5,7],"texture":"#0"}}},{"from":[5,25.87868,15.12132],"to":[11,26.87868,16.12132],"rotation":{"angle":0,"axis":"y","origin":[7.5,15,13.06066]},"faces":{"north":{"uv":[5.5,0.25,4,0.5],"texture":"#0"},"south":{"uv":[5.5,0.25,4,0.5],"texture":"#0"},"up":{"uv":[5.5,0.25,4,0.5],"texture":"#0"},"down":{"uv":[5.5,0.5,4,0.25],"texture":"#0"}}},{"from":[11,14.87868,14.62132],"to":[13,26.87868,16.62132],"rotation":{"angle":0,"axis":"y","origin":[7.5,15,13.06066]},"faces":{"north":{"uv":[0.5,7,0,10],"texture":"#0"},"east":{"uv":[0.5,7,0,10],"texture":"#0"},"south":{"uv":[0.5,7,0,10],"texture":"#0"},"west":{"uv":[0.5,7,0,10],"texture":"#0"},"up":{"uv":[1,7,0.5,7.5],"texture":"#0"},"down":{"uv":[1,7.5,0.5,7],"texture":"#0"}}},{"from":[7.5,25.87868,12.12132],"to":[8.5,26.87868,15.12132],"rotation":{"angle":0,"axis":"y","origin":[7.5,15,13.06066]},"faces":{"east":{"uv":[5.5,1.5,4.75,1.75],"texture":"#0"},"west":{"uv":[5.5,1.5,4.75,1.75],"texture":"#0"},"up":{"uv":[5,1.75,4.75,2.5],"texture":"#0"},"down":{"uv":[5,2.5,4.75,1.75],"texture":"#0"}}},{"from":[12,14.87868,16.62132],"to":[12,26.87868,19.62132],"rotation":{"angle":0,"axis":"y","origin":[7.5,15,13.06066]},"faces":{"north":{"uv":[0,0,0,3],"texture":"#0"},"east":{"uv":[4.75,2.5,4,5.5],"texture":"#0"},"south":{"uv":[0,0,0,3],"texture":"#0"},"west":{"uv":[4,2.5,4.75,5.5],"texture":"#0"},"up":{"uv":[0,0,0,0.75],"texture":"#0"},"down":{"uv":[0,0.75,0,0],"texture":"#0"}}},{"from":[4,14.87868,16.62132],"to":[4,26.87868,19.62132],"rotation":{"angle":0,"axis":"y","origin":[7.5,15,13.06066]},"faces":{"north":{"uv":[0,0,0,3],"texture":"#0"},"east":{"uv":[4.75,2.5,4,5.5],"texture":"#0"},"south":{"uv":[0,0,0,3],"texture":"#0"},"west":{"uv":[4,2.5,4.75,5.5],"texture":"#0"},"up":{"uv":[0,0,0,0.75],"texture":"#0"},"down":{"uv":[0,0.75,0,0],"texture":"#0"}}},{"from":[5,15.87868,15.12132],"to":[11,16.87868,16.12132],"rotation":{"angle":0,"axis":"y","origin":[7.5,15,13.06066]},"faces":{"north":{"uv":[5.5,0.25,4,0.5],"texture":"#0"},"south":{"uv":[5.5,0.25,4,0.5],"texture":"#0"},"up":{"uv":[5.5,0.25,4,0.5],"texture":"#0"},"down":{"uv":[5.5,0.5,4,0.25],"texture":"#0"}}},{"from":[7.5,15.87868,12.12132],"to":[8.5,16.87868,15.12132],"rotation":{"angle":0,"axis":"y","origin":[7.5,15,13.06066]},"faces":{"east":{"uv":[5.5,1.5,4.75,1.75],"texture":"#0"},"west":{"uv":[5.5,1.5,4.75,1.75],"texture":"#0"},"up":{"uv":[5,1.75,4.75,2.5],"texture":"#0"},"down":{"uv":[5,2.5,4.75,1.75],"texture":"#0"}}}],"gui_light":"front","display":{"thirdperson_righthand":{"rotation":[67.5,0,0],"translation":[0,0,-0.25],"scale":[0.2232,0.2232,0.2232]},"thirdperson_lefthand":{"rotation":[67.5,0,0],"translation":[0,0,-0.25],"scale":[0.2232,0.2232,0.2232]},"firstperson_righthand":{"translation":[-1.25,0.5,0],"scale":[0.41461,0.41461,0.41461]},"firstperson_lefthand":{"translation":[-1.25,0.5,0],"scale":[0.41461,0.41461,0.41461]},"ground":{"translation":[0,1,0],"scale":[0.33,0.33,0.33]},"gui":{"rotation":[28,148,0],"translation":[0,-3.25,0],"scale":[0.43773,0.43773,0.43773]},"head":{"translation":[0,3,14.75],"scale":[0,0,0]},"fixed":{"rotation":[-90,0,0],"translation":[0,-1.25,-24],"scale":[3,3,3]}}}