{"credit":"MadewithBlockbench","texture_size":[64,64],"textures":{"0":"elitecreatures:gym_decoration_v1/gym_sand_bag","particle":"elitecreatures:gym_decoration_v1/gym_sand_bag"},"elements":[{"from":[2,0,2],"to":[14,4,14],"faces":{"north":{"uv":[0,3,3,4],"texture":"#0"},"east":{"uv":[0,3,3,4],"texture":"#0"},"south":{"uv":[0,3,3,4],"texture":"#0"},"west":{"uv":[0,3,3,4],"texture":"#0"},"up":{"uv":[3,3,0,0],"texture":"#0"},"down":{"uv":[3,0,0,3],"texture":"#0"}}},{"from":[3,4,3],"to":[13,6,13],"faces":{"north":{"uv":[0,4,2.5,4.5],"texture":"#0"},"east":{"uv":[0,4,2.5,4.5],"texture":"#0"},"south":{"uv":[0,4,2.5,4.5],"texture":"#0"},"west":{"uv":[0,4,2.5,4.5],"texture":"#0"},"up":{"uv":[2.5,7,0,4.5],"texture":"#0"},"down":{"uv":[2.5,4.5,0,7],"texture":"#0"}}},{"from":[7,6,7],"to":[9,8,9],"faces":{"north":{"uv":[2.5,4,3,4.5],"texture":"#0"},"east":{"uv":[2.5,4,3,4.5],"texture":"#0"},"south":{"uv":[2.5,4,3,4.5],"texture":"#0"},"west":{"uv":[2.5,4,3,4.5],"texture":"#0"},"up":{"uv":[3,4.5,2.5,4],"texture":"#0"},"down":{"uv":[3,4,2.5,4.5],"texture":"#0"}}},{"from":[5,8,5],"to":[11,32,11],"faces":{"north":{"uv":[3,0,4.5,6],"texture":"#0"},"east":{"uv":[3,0,4.5,6],"texture":"#0"},"south":{"uv":[3,0,4.5,6],"texture":"#0"},"west":{"uv":[3,0,4.5,6],"texture":"#0"},"up":{"uv":[6,1.5,4.5,0],"texture":"#0"},"down":{"uv":[6,0,4.5,1.5],"texture":"#0"}}}],"gui_light":"front","display":{"thirdperson_righthand":{"rotation":[67.5,0,0],"scale":[0.20563,0.20563,0.20563]},"thirdperson_lefthand":{"rotation":[67.5,0,0],"scale":[0.20563,0.20563,0.20563]},"firstperson_righthand":{"scale":[0.47,0.47,0.47]},"firstperson_lefthand":{"scale":[0.47,0.47,0.47]},"ground":{"translation":[0,1,0],"scale":[0.4,0.4,0.4]},"gui":{"rotation":[28,148,0],"translation":[0,-2.75,0],"scale":[0.42547,0.42547,0.42547]},"head":{"translation":[0,3,14.75],"scale":[0,0,0]},"fixed":{"rotation":[-90,0,0],"translation":[0,0,-21],"scale":[2.65,2.65,2.65]}}}