{"credit":"MadewithBlockbench","texture_size":[64,64],"textures":{"0":"elitecreatures:gym_decoration_v1/gym_sand_bag_red","particle":"elitecreatures:gym_decoration_v1/gym_sand_bag_red"},"elements":[{"from":[14,0,-12],"to":[16,1,10],"faces":{"north":{"uv":[2,4.75,2.5,5],"texture":"#0"},"east":{"uv":[0.75,12,6.25,12.25],"texture":"#0"},"south":{"uv":[2,4.75,2.5,5],"texture":"#0"},"west":{"uv":[0.75,12,6.25,12.25],"texture":"#0"},"up":{"uv":[2,10.25,1.5,4.75],"texture":"#0"},"down":{"uv":[2,4.75,1.5,10.25],"texture":"#0"}}},{"from":[0,0,10],"to":[16,1,12],"faces":{"north":{"uv":[1.75,10.75,5.75,11],"texture":"#0"},"east":{"uv":[1.75,11,2.25,11.25],"texture":"#0"},"south":{"uv":[1.75,10.75,5.75,11],"texture":"#0"},"west":{"uv":[1.75,11,2.25,11.25],"texture":"#0"},"up":{"uv":[5.75,10.75,1.75,10.25],"texture":"#0"},"down":{"uv":[5.75,10.25,1.75,10.75],"texture":"#0"}}},{"from":[0,12,10],"to":[16,14,12],"faces":{"north":{"uv":[1.75,11.25,5.75,11.75],"texture":"#0"},"east":{"uv":[1.25,10.5,1.75,11],"texture":"#0"},"south":{"uv":[1.75,11.25,5.75,11.75],"texture":"#0"},"west":{"uv":[1.25,10.5,1.75,11],"texture":"#0"},"up":{"uv":[5.75,11.75,1.75,11.25],"texture":"#0"},"down":{"uv":[5.75,11.25,1.75,11.75],"texture":"#0"}}},{"from":[7,0,12],"to":[9,1,16],"faces":{"north":{"uv":[0.75,11.75,1.25,12],"texture":"#0"},"east":{"uv":[1.75,11.75,2.75,12],"texture":"#0"},"south":{"uv":[0.75,11.75,1.25,12],"texture":"#0"},"west":{"uv":[2.75,11.75,1.75,12],"texture":"#0"},"up":{"uv":[1.75,12,1.25,11],"texture":"#0"},"down":{"uv":[1.75,11,1.25,12],"texture":"#0"}}},{"from":[7,1,11],"to":[9,31,12],"faces":{"north":{"uv":[0,4.75,0.5,12.25],"texture":"#0"},"east":{"uv":[0.5,4.75,0.75,12.25],"texture":"#0"},"south":{"uv":[0,4.75,0.5,12.25],"texture":"#0"},"west":{"uv":[0.5,4.75,0.75,12.25],"texture":"#0"},"up":{"uv":[0.5,12.5,0,12.25],"texture":"#0"},"down":{"uv":[0.5,12.25,0,12.5],"texture":"#0"}}},{"from":[7,31,1],"to":[9,32,12],"rotation":{"angle":0,"axis":"y","origin":[8,30,10]},"faces":{"north":{"uv":[0.5,12.25,1,12.5],"texture":"#0"},"east":{"uv":[2,10,4.75,10.25],"texture":"#0"},"south":{"uv":[0.5,12.25,1,12.5],"texture":"#0"},"west":{"uv":[4.75,10,2,10.25],"texture":"#0"},"up":{"uv":[1.25,7.5,0.75,4.75],"texture":"#0"},"down":{"uv":[1.25,4.75,0.75,7.5],"texture":"#0"}}},{"from":[7.5,29,1.5],"to":[8.5,31,2.5],"rotation":{"angle":0,"axis":"y","origin":[7,30,0]},"faces":{"north":{"uv":[1.25,9.5,1.5,10],"texture":"#0"},"east":{"uv":[1.25,9.5,1.5,10],"texture":"#0"},"south":{"uv":[1.25,9.5,1.5,10],"texture":"#0"},"west":{"uv":[1.25,10,1.5,10.5],"texture":"#0"},"up":{"uv":[1.75,10.5,1.5,10.25],"texture":"#0"},"down":{"uv":[1.75,10.25,1.5,10.5],"texture":"#0"}}},{"from":[4.5,10,-1.5],"to":[11.5,29,5.5],"rotation":{"angle":0,"axis":"y","origin":[7,30,0]},"faces":{"north":{"uv":[0,0,1.75,4.75],"texture":"#0"},"east":{"uv":[0,0,1.75,4.75],"texture":"#0"},"south":{"uv":[0,0,1.75,4.75],"texture":"#0"},"west":{"uv":[0,0,1.75,4.75],"texture":"#0"},"up":{"uv":[3.5,1.75,1.75,0],"texture":"#0"},"down":{"uv":[3.5,0,1.75,1.75],"texture":"#0"}}},{"from":[14.1,2,4],"to":[16.1,19,5],"rotation":{"angle":45,"axis":"x","origin":[1,8,0.5]},"faces":{"north":{"uv":[0.75,7.5,1.25,11.75],"texture":"#0"},"east":{"uv":[1.25,4.75,1.5,9],"texture":"#0"},"south":{"uv":[0.75,7.5,1.25,11.75],"texture":"#0"},"west":{"uv":[1.25,4.75,1.5,9],"texture":"#0"},"up":{"uv":[1.5,12.5,1,12.25],"texture":"#0"},"down":{"uv":[1.5,12.25,1,12.5],"texture":"#0"}}},{"from":[0.1,2,4],"to":[2.1,19,5],"rotation":{"angle":45,"axis":"x","origin":[-13,8,0.5]},"faces":{"north":{"uv":[0.75,7.5,1.25,11.75],"texture":"#0"},"east":{"uv":[1.25,4.75,1.5,9],"texture":"#0"},"south":{"uv":[0.75,7.5,1.25,11.75],"texture":"#0"},"west":{"uv":[1.25,4.75,1.5,9],"texture":"#0"},"up":{"uv":[1.5,12.5,1,12.25],"texture":"#0"},"down":{"uv":[1.5,12.25,1,12.5],"texture":"#0"}}},{"from":[0,0,-12],"to":[2,1,10],"rotation":{"angle":0,"axis":"y","origin":[-14,0,0]},"faces":{"north":{"uv":[2,4.75,2.5,5],"texture":"#0"},"east":{"uv":[0.75,12,6.25,12.25],"texture":"#0"},"south":{"uv":[2,4.75,2.5,5],"texture":"#0"},"west":{"uv":[0.75,12,6.25,12.25],"texture":"#0"},"up":{"uv":[1.5,10.25,2,4.75],"texture":"#0"},"down":{"uv":[2,4.75,1.5,10.25],"texture":"#0"}}}],"gui_light":"front","display":{"thirdperson_righthand":{"rotation":[67.5,0,0],"translation":[0,0.75,1],"scale":[0.19195,0.19195,0.19195]},"thirdperson_lefthand":{"rotation":[67.5,0,0],"translation":[0,0.75,1],"scale":[0.19195,0.19195,0.19195]},"firstperson_righthand":{"translation":[0,2.5,0],"scale":[0.41469,0.41469,0.41469]},"firstperson_lefthand":{"translation":[0,2.5,0],"scale":[0.41469,0.41469,0.41469]},"ground":{"translation":[0,1,0],"scale":[0.33,0.33,0.33]},"gui":{"rotation":[28,148,0],"translation":[1.5,-1.25,0],"scale":[0.37328,0.37328,0.37328]},"head":{"translation":[0,3,14.75],"scale":[0,0,0]},"fixed":{"rotation":[-90,0,0],"translation":[0,5.5,-21],"scale":[2.65,2.65,2.65]}}}