{
	"credit": "Made by Manning Design",
	"texture_size": [32, 32],
	"textures": {
		"0": "custom/bs_cutting_board_carrot_texture",
		"particle": "custom/bs_cutting_board_carrot_texture"
	},
	"elements": [
		{
			"from": [4, 0, 4],
			"to": [15, 2, 12],
			"faces": {
				"north": {"uv": [5.5, 0, 11, 1], "texture": "#0"},
				"east": {"uv": [5.5, 2, 9.5, 3], "texture": "#0"},
				"south": {"uv": [5.5, 1, 11, 2], "texture": "#0"},
				"west": {"uv": [5.5, 3, 9.5, 4], "texture": "#0"},
				"up": {"uv": [5.5, 4, 0, 0], "texture": "#0"},
				"down": {"uv": [5.5, 0, 0, 4], "texture": "#0"}
			}
		},
		{
			"from": [1, 0, 7],
			"to": [4, 2, 9],
			"faces": {
				"north": {"uv": [7.5, 4, 9, 5], "texture": "#0"},
				"east": {"uv": [3, 8, 4, 9], "texture": "#0"},
				"south": {"uv": [7.5, 5, 9, 6], "texture": "#0"},
				"west": {"uv": [4, 8, 5, 9], "texture": "#0"},
				"up": {"uv": [1.5, 9, 0, 8], "texture": "#0"},
				"down": {"uv": [3, 8, 1.5, 9], "texture": "#0"}
			}
		},
		{
			"from": [6.0735, 2, 2.8832],
			"to": [7.0735, 3, 5.8832],
			"rotation": {"angle": 22.5, "axis": "y", "origin": [9.8235, 2.5, 7.6332]},
			"faces": {
				"north": {"uv": [9, 9, 9.5, 9.5], "texture": "#0"},
				"east": {"uv": [4, 9, 5.5, 9.5], "texture": "#0"},
				"south": {"uv": [9.5, 2, 10, 2.5], "texture": "#0"},
				"west": {"uv": [9, 4, 10.5, 4.5], "texture": "#0"},
				"up": {"uv": [9.5, 6, 9, 4.5], "texture": "#0"},
				"down": {"uv": [6, 9, 5.5, 10.5], "texture": "#0"}
			}
		},
		{
			"from": [5.0735, 2.5, 5.8832],
			"to": [7.0735, 2.5, 10.8832],
			"rotation": {"angle": 22.5, "axis": "y", "origin": [9.8235, 2.5, 7.6332]},
			"faces": {
				"north": {"uv": [0, 0, 1, 0], "texture": "#0"},
				"east": {"uv": [0, 0, 2.5, 0], "texture": "#0"},
				"south": {"uv": [0, 0, 1, 0], "texture": "#0"},
				"west": {"uv": [0, 0, 2.5, 0], "texture": "#0"},
				"up": {"uv": [6.5, 6.5, 5.5, 4], "texture": "#0"},
				"down": {"uv": [6.5, 4, 5.5, 6.5], "texture": "#0"}
			}
		},
		{
			"from": [11.09835, 2, 8.21984],
			"to": [13.09835, 4, 10.21984],
			"rotation": {"angle": -45, "axis": "y", "origin": [12.92335, 3, 8.31984]},
			"faces": {
				"north": {"uv": [5, 8, 6, 9], "texture": "#0"},
				"east": {"uv": [6, 8, 7, 9], "texture": "#0"},
				"south": {"uv": [7, 8, 8, 9], "texture": "#0"},
				"west": {"uv": [8, 8, 9, 9], "texture": "#0"},
				"up": {"uv": [9.5, 7, 8.5, 6], "texture": "#0"},
				"down": {"uv": [9.5, 7, 8.5, 8], "texture": "#0"}
			}
		},
		{
			"from": [9.26903, 2, 6.09567],
			"to": [10.26903, 4, 8.09567],
			"rotation": {"angle": -22.5, "axis": "y", "origin": [9.76903, 3, 8.09567]},
			"faces": {
				"north": {"uv": [6, 9, 6.5, 10], "texture": "#0"},
				"east": {"uv": [0, 9, 1, 10], "texture": "#0"},
				"south": {"uv": [6.5, 9, 7, 10], "texture": "#0"},
				"west": {"uv": [1, 9, 2, 10], "texture": "#0"},
				"up": {"uv": [7.5, 10, 7, 9], "texture": "#0"},
				"down": {"uv": [8, 9, 7.5, 10], "texture": "#0"}
			}
		},
		{
			"from": [7.56903, 2.3, 5.09567],
			"to": [9.56903, 3.3, 7.09567],
			"rotation": {"angle": 22.5, "axis": "z", "origin": [8.51903, 3, 7.09567]},
			"faces": {
				"north": {"uv": [7.5, 6, 8.5, 6.5], "texture": "#0"},
				"east": {"uv": [8, 9, 9, 9.5], "texture": "#0"},
				"south": {"uv": [9, 8, 10, 8.5], "texture": "#0"},
				"west": {"uv": [9, 8.5, 10, 9], "texture": "#0"},
				"up": {"uv": [3, 10, 2, 9], "texture": "#0"},
				"down": {"uv": [4, 9, 3, 10], "texture": "#0"}
			}
		},
		{
			"from": [11.97136, 3, 8.64064],
			"to": [14.97136, 3, 11.64064],
			"rotation": {"angle": 0, "axis": "y", "origin": [13.47136, 3, 10.14064]},
			"faces": {
				"north": {"uv": [0, 0, 1.5, 0], "texture": "#0"},
				"east": {"uv": [0, 0, 1.5, 0], "texture": "#0"},
				"south": {"uv": [0, 0, 1.5, 0], "texture": "#0"},
				"west": {"uv": [0, 0, 1.5, 0], "texture": "#0"},
				"up": {"uv": [7, 8, 5.5, 6.5], "rotation": 180, "texture": "#0"},
				"down": {"uv": [7, 6.5, 5.5, 8], "rotation": 180, "texture": "#0"}
			}
		}
	],
	"display": {
		"thirdperson_righthand": {
			"translation": [-0.75, 4.25, -1.5],
			"scale": [0.57, 0.57, 0.57]
		},
		"thirdperson_lefthand": {
			"translation": [0.75, 4.25, -1.5],
			"scale": [0.57, 0.57, 0.57]
		},
		"firstperson_righthand": {
			"rotation": [0, -42, 0],
			"translation": [0, 5, 0],
			"scale": [0.54, 0.54, 0.54]
		},
		"firstperson_lefthand": {
			"rotation": [0, -42, 0],
			"translation": [0, 5, 0],
			"scale": [0.54, 0.54, 0.54]
		},
		"ground": {
			"translation": [0, 2.25, 0],
			"scale": [0.43, 0.43, 0.43]
		},
		"gui": {
			"rotation": [26, 135, 0],
			"translation": [0.75, 4.75, 0],
			"scale": [0.79, 0.79, 0.79]
		},
		"fixed": {
			"rotation": [-90, 0, 0],
			"translation": [0, 0, -16],
			"scale": [2.01, 2.01, 2.01]
		}
	}
}