{
	"credit": "Made by Manning Design",
	"texture_size": [128, 128],
	"textures": {
		"0": "custom/bs_hanging_ivy_texture",
		"particle": "custom/bs_hanging_ivy_texture"
	},
	"elements": [
		{
			"from": [4, 2, 4],
			"to": [12, 8, 12],
			"faces": {
				"north": {"uv": [7.875, 2, 8.875, 2.75], "texture": "#0"},
				"east": {"uv": [7.875, 2.75, 8.875, 3.5], "texture": "#0"},
				"south": {"uv": [7.25, 8, 8.25, 8.75], "texture": "#0"},
				"west": {"uv": [8.25, 8, 9.25, 8.75], "texture": "#0"},
				"up": {"uv": [6.875, 5, 5.875, 4], "texture": "#0"},
				"down": {"uv": [3, 7.5, 2, 8.5], "texture": "#0"}
			}
		},
		{
			"from": [3, 7, 8],
			"to": [5, 17, 8],
			"rotation": {"angle": -22.5, "axis": "z", "origin": [4, 8, 8]},
			"faces": {
				"north": {"uv": [3, 7.5, 3.25, 8.75], "texture": "#0"},
				"east": {"uv": [0, 0, 0, 1.25], "texture": "#0"},
				"south": {"uv": [3.25, 7.5, 3, 8.75], "texture": "#0"},
				"west": {"uv": [0, 0, 0, 1.25], "texture": "#0"},
				"up": {"uv": [0.25, 0, 0, 0], "texture": "#0"},
				"down": {"uv": [0.25, 0, 0, 0], "texture": "#0"}
			}
		},
		{
			"from": [11, 7, 8],
			"to": [13, 17, 8],
			"rotation": {"angle": 22.5, "axis": "z", "origin": [12, 8, 8]},
			"faces": {
				"north": {"uv": [2.25, 8.5, 2.5, 9.75], "texture": "#0"},
				"east": {"uv": [0, 0, 0, 1.25], "texture": "#0"},
				"south": {"uv": [2.5, 8.5, 2.25, 9.75], "texture": "#0"},
				"west": {"uv": [0, 0, 0, 1.25], "texture": "#0"},
				"up": {"uv": [0.25, 0, 0, 0], "texture": "#0"},
				"down": {"uv": [0.25, 0, 0, 0], "texture": "#0"}
			}
		},
		{
			"from": [5.75, -8, 1],
			"to": [5.75, 12, 18],
			"rotation": {"angle": 45, "axis": "y", "origin": [5, 9, 6]},
			"faces": {
				"north": {"uv": [0, 0, 0, 2.5], "texture": "#0"},
				"east": {"uv": [0, 0, 2.125, 2.5], "texture": "#0"},
				"south": {"uv": [0, 0, 0, 2.5], "texture": "#0"},
				"west": {"uv": [2.125, 0, 0, 2.5], "texture": "#0"},
				"up": {"uv": [0, 2.125, 0, 0], "texture": "#0"},
				"down": {"uv": [0, 0, 0, 2.125], "texture": "#0"}
			}
		},
		{
			"from": [10.25, -8, 1],
			"to": [10.25, 12, 18],
			"rotation": {"angle": -45, "axis": "y", "origin": [11, 9, 6]},
			"faces": {
				"north": {"uv": [0, 0, 0, 2.5], "texture": "#0"},
				"east": {"uv": [0, 2.5, 2.125, 5], "texture": "#0"},
				"south": {"uv": [0, 0, 0, 2.5], "texture": "#0"},
				"west": {"uv": [2.125, 2.5, 0, 5], "texture": "#0"},
				"up": {"uv": [0, 2.125, 0, 0], "texture": "#0"},
				"down": {"uv": [0, 0, 0, 2.125], "texture": "#0"}
			}
		},
		{
			"from": [7.9948, -8, 1.44454],
			"to": [7.9948, 12, 14.44454],
			"rotation": {"angle": 0, "axis": "y", "origin": [7.9948, 10, 7.94454]},
			"faces": {
				"north": {"uv": [0, 0, 0, 2.5], "texture": "#0"},
				"east": {"uv": [4.25, 0, 5.875, 2.5], "texture": "#0"},
				"south": {"uv": [0, 0, 0, 2.5], "texture": "#0"},
				"west": {"uv": [5.875, 0, 4.25, 2.5], "texture": "#0"},
				"up": {"uv": [0, 1.625, 0, 0], "texture": "#0"},
				"down": {"uv": [0, 0, 0, 1.625], "texture": "#0"}
			}
		},
		{
			"from": [1.4948, -8, 7.94454],
			"to": [14.4948, 12, 7.94454],
			"rotation": {"angle": 0, "axis": "y", "origin": [7.9948, 10, 7.94454]},
			"faces": {
				"north": {"uv": [0, 5, 1.625, 7.5], "texture": "#0"},
				"east": {"uv": [0, 0, 0, 2.5], "texture": "#0"},
				"south": {"uv": [1.625, 5, 0, 7.5], "texture": "#0"},
				"west": {"uv": [0, 0, 0, 2.5], "texture": "#0"},
				"up": {"uv": [1.625, 0, 0, 0], "texture": "#0"},
				"down": {"uv": [1.625, 0, 0, 0], "texture": "#0"}
			}
		},
		{
			"from": [0, 10, 0],
			"to": [16, 10, 16],
			"faces": {
				"north": {"uv": [0, 0, 2, 0], "texture": "#0"},
				"east": {"uv": [0, 0, 2, 0], "texture": "#0"},
				"south": {"uv": [0, 0, 2, 0], "texture": "#0"},
				"west": {"uv": [0, 0, 2, 0], "texture": "#0"},
				"up": {"uv": [5.25, 7, 3.25, 5], "texture": "#0"},
				"down": {"uv": [5.25, 5, 3.25, 7], "texture": "#0"}
			}
		},
		{
			"from": [0, 7, 0],
			"to": [16, 7, 16],
			"faces": {
				"north": {"uv": [0, 0, 2, 0], "texture": "#0"},
				"east": {"uv": [0, 0, 2, 0], "texture": "#0"},
				"south": {"uv": [0, 0, 2, 0], "texture": "#0"},
				"west": {"uv": [0, 0, 2, 0], "texture": "#0"},
				"up": {"uv": [7.875, 2, 5.875, 0], "texture": "#0"},
				"down": {"uv": [7.875, 0, 5.875, 2], "texture": "#0"}
			}
		},
		{
			"from": [0, 3, 0],
			"to": [16, 3, 16],
			"faces": {
				"north": {"uv": [0, 0, 2, 0], "texture": "#0"},
				"east": {"uv": [0, 0, 2, 0], "texture": "#0"},
				"south": {"uv": [0, 0, 2, 0], "texture": "#0"},
				"west": {"uv": [0, 0, 2, 0], "texture": "#0"},
				"up": {"uv": [5.25, 9, 3.25, 7], "texture": "#0"},
				"down": {"uv": [5.25, 7, 3.25, 9], "texture": "#0"}
			}
		},
		{
			"from": [0, -1, 0],
			"to": [16, -1, 16],
			"faces": {
				"north": {"uv": [0, 0, 2, 0], "texture": "#0"},
				"east": {"uv": [0, 0, 2, 0], "texture": "#0"},
				"south": {"uv": [0, 0, 2, 0], "texture": "#0"},
				"west": {"uv": [0, 0, 2, 0], "texture": "#0"},
				"up": {"uv": [9.25, 6, 7.25, 4], "texture": "#0"},
				"down": {"uv": [9.25, 4, 7.25, 6], "texture": "#0"}
			}
		},
		{
			"from": [0, -5, 0],
			"to": [16, -5, 16],
			"faces": {
				"north": {"uv": [0, 0, 2, 0], "texture": "#0"},
				"east": {"uv": [0, 0, 2, 0], "texture": "#0"},
				"south": {"uv": [0, 0, 2, 0], "texture": "#0"},
				"west": {"uv": [0, 0, 2, 0], "texture": "#0"},
				"up": {"uv": [2, 9.5, 0, 7.5], "texture": "#0"},
				"down": {"uv": [2, 7.5, 0, 9.5], "texture": "#0"}
			}
		}
	],
	"display": {
		"thirdperson_righthand": {
			"translation": [0.5, 2.25, -1.5],
			"scale": [0.57, 0.57, 0.57]
		},
		"thirdperson_lefthand": {
			"translation": [0.75, 2.25, -1.5],
			"scale": [0.57, 0.57, 0.57]
		},
		"firstperson_righthand": {
			"rotation": [0, -42, 0],
			"translation": [0, 4.25, 0],
			"scale": [0.54, 0.54, 0.54]
		},
		"firstperson_lefthand": {
			"rotation": [0, -42, 0],
			"translation": [0, 3.5, 0],
			"scale": [0.54, 0.54, 0.54]
		},
		"ground": {
			"translation": [0, 6.25, 0],
			"scale": [0.43, 0.43, 0.43]
		},
		"gui": {
			"rotation": [26, 135, 0],
			"translation": [0, 2, 0],
			"scale": [0.53, 0.53, 0.53]
		},
		"fixed": {
			"rotation": [90, 0, 0],
			"translation": [0, 0, -16],
			"scale": [2.01, 2.01, 2.01]
		}
	}
}