{
	"credit": "Made by Manning Design",
	"textures": {
		"0": "custom/bs_plate_texture",
		"particle": "custom/bs_plate_texture"
	},
	"elements": [
		{
			"from": [4, 0, 4],
			"to": [12, 0.5, 12],
			"faces": {
				"north": {"uv": [8, 0, 16, 1], "texture": "#0"},
				"east": {"uv": [8, 1, 16, 2], "texture": "#0"},
				"south": {"uv": [8, 2, 16, 3], "texture": "#0"},
				"west": {"uv": [8, 3, 16, 4], "texture": "#0"},
				"up": {"uv": [8, 8, 0, 0], "texture": "#0"},
				"down": {"uv": [8, 0, 0, 8], "texture": "#0"}
			}
		},
		{
			"from": [4, 4.325, 4],
			"to": [12, 4.825, 12],
			"rotation": {"angle": 22.5, "axis": "y", "origin": [8, 4.575, 8]},
			"faces": {
				"north": {"uv": [8, 0, 16, 1], "texture": "#0"},
				"east": {"uv": [8, 1, 16, 2], "texture": "#0"},
				"south": {"uv": [8, 2, 16, 3], "texture": "#0"},
				"west": {"uv": [8, 3, 16, 4], "texture": "#0"},
				"up": {"uv": [8, 8, 0, 0], "texture": "#0"},
				"down": {"uv": [8, 0, 0, 8], "texture": "#0"}
			}
		},
		{
			"from": [4, 3.725, 4],
			"to": [12, 4.225, 12],
			"rotation": {"angle": 0, "axis": "y", "origin": [8, 3.975, 8]},
			"faces": {
				"north": {"uv": [8, 0, 16, 1], "texture": "#0"},
				"east": {"uv": [8, 1, 16, 2], "texture": "#0"},
				"south": {"uv": [8, 2, 16, 3], "texture": "#0"},
				"west": {"uv": [8, 3, 16, 4], "texture": "#0"},
				"up": {"uv": [8, 8, 0, 0], "texture": "#0"},
				"down": {"uv": [8, 0, 0, 8], "texture": "#0"}
			}
		},
		{
			"from": [4, 3.075, 4],
			"to": [12, 3.575, 12],
			"rotation": {"angle": -45, "axis": "y", "origin": [8, 2.0875, 8]},
			"faces": {
				"north": {"uv": [8, 0, 16, 1], "texture": "#0"},
				"east": {"uv": [8, 1, 16, 2], "texture": "#0"},
				"south": {"uv": [8, 2, 16, 3], "texture": "#0"},
				"west": {"uv": [8, 3, 16, 4], "texture": "#0"},
				"up": {"uv": [8, 8, 0, 0], "texture": "#0"},
				"down": {"uv": [8, 0, 0, 8], "texture": "#0"}
			}
		},
		{
			"from": [4, 2.475, 4],
			"to": [12, 2.975, 12],
			"rotation": {"angle": 0, "axis": "y", "origin": [0, 2.475, 0]},
			"faces": {
				"north": {"uv": [8, 0, 16, 1], "texture": "#0"},
				"east": {"uv": [8, 1, 16, 2], "texture": "#0"},
				"south": {"uv": [8, 2, 16, 3], "texture": "#0"},
				"west": {"uv": [8, 3, 16, 4], "texture": "#0"},
				"up": {"uv": [8, 8, 0, 0], "texture": "#0"},
				"down": {"uv": [8, 0, 0, 8], "texture": "#0"}
			}
		},
		{
			"from": [4, 0.6, 4],
			"to": [12, 1.1, 12],
			"rotation": {"angle": -45, "axis": "y", "origin": [8, 2.0875, 8]},
			"faces": {
				"north": {"uv": [8, 0, 16, 1], "texture": "#0"},
				"east": {"uv": [8, 1, 16, 2], "texture": "#0"},
				"south": {"uv": [8, 2, 16, 3], "texture": "#0"},
				"west": {"uv": [8, 3, 16, 4], "texture": "#0"},
				"up": {"uv": [8, 8, 0, 0], "texture": "#0"},
				"down": {"uv": [8, 0, 0, 8], "texture": "#0"}
			}
		},
		{
			"from": [4, 1.25, 4],
			"to": [12, 1.75, 12],
			"rotation": {"angle": 0, "axis": "y", "origin": [8, 1.5, 8]},
			"faces": {
				"north": {"uv": [8, 0, 16, 1], "texture": "#0"},
				"east": {"uv": [8, 1, 16, 2], "texture": "#0"},
				"south": {"uv": [8, 2, 16, 3], "texture": "#0"},
				"west": {"uv": [8, 3, 16, 4], "texture": "#0"},
				"up": {"uv": [8, 8, 0, 0], "texture": "#0"},
				"down": {"uv": [8, 0, 0, 8], "texture": "#0"}
			}
		},
		{
			"from": [4, 1.85, 4],
			"to": [12, 2.35, 12],
			"rotation": {"angle": 22.5, "axis": "y", "origin": [8, 2.1, 8]},
			"faces": {
				"north": {"uv": [8, 0, 16, 1], "texture": "#0"},
				"east": {"uv": [8, 1, 16, 2], "texture": "#0"},
				"south": {"uv": [8, 2, 16, 3], "texture": "#0"},
				"west": {"uv": [8, 3, 16, 4], "texture": "#0"},
				"up": {"uv": [8, 8, 0, 0], "texture": "#0"},
				"down": {"uv": [8, 0, 0, 8], "texture": "#0"}
			}
		}
	],
	"display": {
		"thirdperson_righthand": {
			"translation": [-0.25, 4, -1.5],
			"scale": [0.57, 0.57, 0.57]
		},
		"thirdperson_lefthand": {
			"translation": [0.75, 2.25, -1.5],
			"scale": [0.57, 0.57, 0.57]
		},
		"firstperson_righthand": {
			"rotation": [0, -42, 0],
			"translation": [1.25, 4.25, 0],
			"scale": [0.54, 0.54, 0.54]
		},
		"firstperson_lefthand": {
			"rotation": [0, -42, 0],
			"translation": [0.75, 4.75, 0],
			"scale": [0.54, 0.54, 0.54]
		},
		"ground": {
			"translation": [0, 2.25, 0],
			"scale": [0.43, 0.43, 0.43]
		},
		"gui": {
			"rotation": [26, -45, 0],
			"scale": [0.33, 0.33, 0.33]
		},
		"fixed": {
			"rotation": [-90, 0, 0],
			"translation": [0, 0, -16],
			"scale": [2.01, 2.01, 2.01]
		}
	}
}