{
	"credit": "Made by Manning Design",
	"textures": {
		"0": "custom/bs_vintage_lamp_wall_texture",
		"1": "custom/bs_vintage_lamp_wall_texture_2",
		"particle": "custom/bs_vintage_lamp_wall_texture"
	},
	"elements": [
		{
			"from": [5, 4, 15],
			"to": [11, 12, 16],
			"faces": {
				"north": {"uv": [0, 0, 1.5, 2], "texture": "#0"},
				"east": {"uv": [0.75, 7.25, 1, 9.25], "texture": "#0"},
				"south": {"uv": [1.5, 0, 3, 2], "texture": "#0"},
				"west": {"uv": [1, 7.25, 1.25, 9.25], "texture": "#0"},
				"up": {"uv": [3.75, 7.5, 2.25, 7.25], "texture": "#0"},
				"down": {"uv": [8.75, 2.5, 7.25, 2.75], "texture": "#0"}
			}
		},
		{
			"from": [6, 12, 15],
			"to": [10, 14, 16],
			"faces": {
				"north": {"uv": [3, 1.5, 4, 2], "texture": "#0"},
				"east": {"uv": [3.75, 5, 4, 5.5], "texture": "#0"},
				"south": {"uv": [1.25, 7.25, 2.25, 7.75], "texture": "#0"},
				"west": {"uv": [7.25, 3.75, 7.5, 4.25], "texture": "#0"},
				"up": {"uv": [8.25, 3, 7.25, 2.75], "texture": "#0"},
				"down": {"uv": [8.25, 3, 7.25, 3.25], "texture": "#0"}
			}
		},
		{
			"from": [6, 2, 15],
			"to": [10, 4, 16],
			"faces": {
				"north": {"uv": [7.25, 1.5, 8.25, 2], "texture": "#0"},
				"east": {"uv": [7.25, 4.25, 7.5, 4.75], "texture": "#0"},
				"south": {"uv": [7.25, 2, 8.25, 2.5], "texture": "#0"},
				"west": {"uv": [7.25, 4.75, 7.5, 5.25], "texture": "#0"},
				"up": {"uv": [8.25, 3.5, 7.25, 3.25], "texture": "#0"},
				"down": {"uv": [8.25, 3.5, 7.25, 3.75], "texture": "#0"}
			}
		},
		{
			"from": [5.5, 9, 7.5],
			"to": [10.5, 11, 12.5],
			"faces": {
				"north": {"uv": [5.5, 1, 6.75, 1.5], "texture": "#0"},
				"east": {"uv": [6, 1.5, 7.25, 2], "texture": "#0"},
				"south": {"uv": [6, 2, 7.25, 2.5], "texture": "#0"},
				"west": {"uv": [6, 2.5, 7.25, 3], "texture": "#0"},
				"up": {"uv": [5.25, 5.75, 4, 4.5], "texture": "#0"},
				"down": {"uv": [1.25, 5, 0, 6.25], "texture": "#0"}
			}
		},
		{
			"from": [10.5, 11, 7.5],
			"to": [10.5, 13, 12.5],
			"faces": {
				"north": {"uv": [0, 0, 0, 0.5], "texture": "#0"},
				"east": {"uv": [6, 5, 7.25, 5.5], "texture": "#0"},
				"south": {"uv": [0, 0, 0, 0.5], "texture": "#0"},
				"west": {"uv": [7.25, 5, 6, 5.5], "texture": "#0"},
				"up": {"uv": [0, 1.25, 0, 0], "texture": "#0"},
				"down": {"uv": [0, 0, 0, 1.25], "texture": "#0"}
			}
		},
		{
			"from": [5.5, 11, 7.5],
			"to": [5.5, 13, 12.5],
			"faces": {
				"north": {"uv": [0, 0, 0, 0.5], "texture": "#0"},
				"east": {"uv": [1.25, 6.25, 0, 6.75], "texture": "#0"},
				"south": {"uv": [0, 0, 0, 0.5], "texture": "#0"},
				"west": {"uv": [0, 6.25, 1.25, 6.75], "texture": "#0"},
				"up": {"uv": [0, 1.25, 0, 0], "texture": "#0"},
				"down": {"uv": [0, 0, 0, 1.25], "texture": "#0"}
			}
		},
		{
			"from": [5.5, 11, 7.5],
			"to": [10.5, 13, 7.5],
			"rotation": {"angle": 0, "axis": "y", "origin": [8, 12, 10]},
			"faces": {
				"north": {"uv": [1.25, 6.25, 2.5, 6.75], "texture": "#0"},
				"east": {"uv": [0, 0, 0, 0.5], "texture": "#0"},
				"south": {"uv": [2.5, 6.25, 1.25, 6.75], "texture": "#0"},
				"west": {"uv": [0, 0, 0, 0.5], "texture": "#0"},
				"up": {"uv": [1.25, 0, 0, 0], "texture": "#0"},
				"down": {"uv": [1.25, 0, 0, 0], "texture": "#0"}
			}
		},
		{
			"from": [10.5, -1, 7.5],
			"to": [10.5, 1, 12.5],
			"faces": {
				"north": {"uv": [0, 0, 0, 0.5], "texture": "#0"},
				"east": {"uv": [3.75, 7, 5, 7.5], "texture": "#0"},
				"south": {"uv": [0, 0, 0, 0.5], "texture": "#0"},
				"west": {"uv": [5, 7, 3.75, 7.5], "texture": "#0"},
				"up": {"uv": [0, 1.25, 0, 0], "texture": "#0"},
				"down": {"uv": [0, 0, 0, 1.25], "texture": "#0"}
			}
		},
		{
			"from": [5.5, -1, 12.5],
			"to": [10.5, 1, 12.5],
			"rotation": {"angle": 0, "axis": "y", "origin": [8, 12, 10]},
			"faces": {
				"north": {"uv": [3.75, 6.75, 2.5, 7.25], "texture": "#0"},
				"east": {"uv": [0, 0, 0, 0.5], "texture": "#0"},
				"south": {"uv": [2.5, 6.75, 3.75, 7.25], "texture": "#0"},
				"west": {"uv": [0, 0, 0, 0.5], "texture": "#0"},
				"up": {"uv": [1.25, 0, 0, 0], "texture": "#0"},
				"down": {"uv": [1.25, 0, 0, 0], "texture": "#0"}
			}
		},
		{
			"from": [5.5, -1, 7.5],
			"to": [5.5, 1, 12.5],
			"faces": {
				"north": {"uv": [0, 0, 0, 0.5], "texture": "#0"},
				"east": {"uv": [8, 1, 6.75, 1.5], "texture": "#0"},
				"south": {"uv": [0, 0, 0, 0.5], "texture": "#0"},
				"west": {"uv": [6.75, 1, 8, 1.5], "texture": "#0"},
				"up": {"uv": [0, 1.25, 0, 0], "texture": "#0"},
				"down": {"uv": [0, 0, 0, 1.25], "texture": "#0"}
			}
		},
		{
			"from": [5.5, -1, 7.5],
			"to": [10.5, 1, 7.5],
			"rotation": {"angle": 0, "axis": "y", "origin": [8, 12, 10]},
			"faces": {
				"north": {"uv": [4.5, 6.5, 5.75, 7], "texture": "#0"},
				"east": {"uv": [0, 0, 0, 0.5], "texture": "#0"},
				"south": {"uv": [5.75, 6.5, 4.5, 7], "texture": "#0"},
				"west": {"uv": [0, 0, 0, 0.5], "texture": "#0"},
				"up": {"uv": [1.25, 0, 0, 0], "texture": "#0"},
				"down": {"uv": [1.25, 0, 0, 0], "texture": "#0"}
			}
		},
		{
			"from": [5.5, 11, 12.5],
			"to": [10.5, 13, 12.5],
			"rotation": {"angle": 0, "axis": "y", "origin": [8, 12, 10]},
			"faces": {
				"north": {"uv": [7.5, 0.5, 6.25, 1], "texture": "#0"},
				"east": {"uv": [0, 0, 0, 0.5], "texture": "#0"},
				"south": {"uv": [6.25, 0.5, 7.5, 1], "texture": "#0"},
				"west": {"uv": [0, 0, 0, 0.5], "texture": "#0"},
				"up": {"uv": [1.25, 0, 0, 0], "texture": "#0"},
				"down": {"uv": [1.25, 0, 0, 0], "texture": "#0"}
			}
		},
		{
			"from": [10.5, 3, 7.5],
			"to": [10.5, 9, 12.5],
			"faces": {
				"north": {"uv": [0, 0, 0, 1.5], "texture": "#0"},
				"east": {"uv": [1.5, 2, 2.75, 3.5], "texture": "#0"},
				"south": {"uv": [0, 0, 0, 1.5], "texture": "#0"},
				"west": {"uv": [2.75, 2, 1.5, 3.5], "texture": "#0"},
				"up": {"uv": [0, 1.25, 0, 0], "texture": "#0"},
				"down": {"uv": [0, 0, 0, 1.25], "texture": "#0"}
			}
		},
		{
			"from": [5.5, 3, 7.5],
			"to": [5.5, 9, 12.5],
			"faces": {
				"north": {"uv": [0, 0, 0, 1.5], "texture": "#0"},
				"east": {"uv": [2.75, 3.5, 1.5, 5], "texture": "#0"},
				"south": {"uv": [0, 0, 0, 1.5], "texture": "#0"},
				"west": {"uv": [1.5, 3.5, 2.75, 5], "texture": "#0"},
				"up": {"uv": [0, 1.25, 0, 0], "texture": "#0"},
				"down": {"uv": [0, 0, 0, 1.25], "texture": "#0"}
			}
		},
		{
			"from": [5.5, 3, 7.5],
			"to": [10.5, 9, 7.5],
			"faces": {
				"north": {"uv": [2.75, 3.5, 4, 5], "texture": "#0"},
				"east": {"uv": [0, 0, 0, 1.5], "texture": "#0"},
				"south": {"uv": [4, 3.5, 2.75, 5], "texture": "#0"},
				"west": {"uv": [0, 0, 0, 1.5], "texture": "#0"},
				"up": {"uv": [1.25, 0, 0, 0], "texture": "#0"},
				"down": {"uv": [1.25, 0, 0, 0], "texture": "#0"}
			}
		},
		{
			"from": [5.5, 3, 12.5],
			"to": [10.5, 9, 12.5],
			"faces": {
				"north": {"uv": [5.5, 0, 4.25, 1.5], "texture": "#0"},
				"east": {"uv": [0, 0, 0, 1.5], "texture": "#0"},
				"south": {"uv": [4.25, 0, 5.5, 1.5], "texture": "#0"},
				"west": {"uv": [0, 0, 0, 1.5], "texture": "#0"},
				"up": {"uv": [1.25, 0, 0, 0], "texture": "#0"},
				"down": {"uv": [1.25, 0, 0, 0], "texture": "#0"}
			}
		},
		{
			"from": [5.5, 1, 7.5],
			"to": [10.5, 3, 12.5],
			"faces": {
				"north": {"uv": [6, 3, 7.25, 3.5], "texture": "#0"},
				"east": {"uv": [6, 3.5, 7.25, 4], "texture": "#0"},
				"south": {"uv": [6, 4, 7.25, 4.5], "texture": "#0"},
				"west": {"uv": [6, 4.5, 7.25, 5], "texture": "#0"},
				"up": {"uv": [2.5, 6.25, 1.25, 5], "texture": "#0"},
				"down": {"uv": [3.75, 5, 2.5, 6.25], "texture": "#0"}
			}
		},
		{
			"from": [6.5, -2, 10],
			"to": [9.5, 1, 10],
			"faces": {
				"north": {"uv": [4.5, 5.75, 5.25, 6.5], "texture": "#0"},
				"east": {"uv": [0, 0, 0, 0.75], "texture": "#0"},
				"south": {"uv": [5.25, 5.75, 4.5, 6.5], "texture": "#0"},
				"west": {"uv": [0, 0, 0, 0.75], "texture": "#0"},
				"up": {"uv": [0.75, 0, 0, 0], "texture": "#0"},
				"down": {"uv": [0.75, 0, 0, 0], "texture": "#0"}
			}
		},
		{
			"from": [8, -2, 8.5],
			"to": [8, 1, 11.5],
			"rotation": {"angle": 0, "axis": "y", "origin": [8, -0.5, 10]},
			"faces": {
				"north": {"uv": [0, 0, 0, 0.75], "texture": "#0"},
				"east": {"uv": [7, 6.5, 7.75, 7.25], "texture": "#0"},
				"south": {"uv": [0, 0, 0, 0.75], "texture": "#0"},
				"west": {"uv": [7.75, 6.5, 7, 7.25], "texture": "#0"},
				"up": {"uv": [0, 0.75, 0, 0], "texture": "#0"},
				"down": {"uv": [0, 0, 0, 0.75], "texture": "#0"}
			}
		},
		{
			"from": [8, 3, 12],
			"to": [8, 15, 15],
			"faces": {
				"north": {"uv": [0, 0, 0, 3], "texture": "#0"},
				"east": {"uv": [0, 2, 0.75, 5], "texture": "#0"},
				"south": {"uv": [0, 0, 0, 3], "texture": "#0"},
				"west": {"uv": [0.75, 2, 0, 5], "texture": "#0"},
				"up": {"uv": [0, 0.75, 0, 0], "texture": "#0"},
				"down": {"uv": [0, 0, 0, 0.75], "texture": "#0"}
			}
		},
		{
			"from": [8, 11, 8],
			"to": [8, 15, 12],
			"faces": {
				"north": {"uv": [0, 0, 0, 1], "texture": "#0"},
				"east": {"uv": [8.5, 0, 9.5, 1], "texture": "#0"},
				"south": {"uv": [0, 0, 0, 1], "texture": "#0"},
				"west": {"uv": [9.5, 0, 8.5, 1], "texture": "#0"},
				"up": {"uv": [0, 0.75, 0, 0], "texture": "#0"},
				"down": {"uv": [0, 0, 0, 0.75], "texture": "#0"}
			}
		},
		{
			"from": [8, 3, 8.5],
			"to": [8, 8, 11.5],
			"faces": {
				"north": {"uv": [0, 0, 0, 5], "texture": "#1"},
				"east": {"uv": [3, 0, 0, 5], "texture": "#1"},
				"south": {"uv": [0, 0, 0, 5], "texture": "#1"},
				"west": {"uv": [0, 0, 3, 5], "texture": "#1"},
				"up": {"uv": [0, 3, 0, 0], "texture": "#1"},
				"down": {"uv": [0, 0, 0, 3], "texture": "#1"}
			}
		},
		{
			"from": [6.5, 3, 10],
			"to": [9.5, 8, 10],
			"rotation": {"angle": 0, "axis": "y", "origin": [8, 5.5, 10]},
			"faces": {
				"north": {"uv": [3, 0, 0, 5], "texture": "#1"},
				"east": {"uv": [0, 0, 0, 5], "texture": "#1"},
				"south": {"uv": [3, 0, 0, 5], "texture": "#1"},
				"west": {"uv": [0, 0, 0, 5], "texture": "#1"},
				"up": {"uv": [3, 0, 0, 0], "texture": "#1"},
				"down": {"uv": [3, 0, 0, 0], "texture": "#1"}
			}
		}
	],
	"gui_light": "front",
	"display": {
		"thirdperson_righthand": {
			"translation": [0, 0.25, -3.5],
			"scale": [0.57, 0.57, 0.57]
		},
		"thirdperson_lefthand": {
			"translation": [0.25, -0.75, -2.75],
			"scale": [0.57, 0.57, 0.57]
		},
		"firstperson_righthand": {
			"rotation": [0, 112, 0],
			"translation": [0.5, 4, 1.25],
			"scale": [0.54, 0.54, 0.54]
		},
		"firstperson_lefthand": {
			"rotation": [0, 110, 0],
			"translation": [2, 3.25, 0],
			"scale": [0.54, 0.54, 0.54]
		},
		"ground": {
			"translation": [0, 6.75, 0],
			"scale": [0.43, 0.43, 0.43]
		},
		"gui": {
			"rotation": [26, 135, 0],
			"translation": [-1.5, 0, 0],
			"scale": [0.67, 0.67, 0.67]
		},
		"fixed": {
			"translation": [0, 0, -16],
			"scale": [2.01, 2.01, 2.01]
		}
	}
}