{"credit":"MadewithBlockbench","texture_size":[64,64],"textures":{"0":"elitecreatures:fashion_store_furniture_v1/eas_rf_1","particle":"elitecreatures:fashion_store_furniture_v1/eas_rf_1"},"elements":[{"from":[1,0,5],"to":[15,6,11],"faces":{"north":{"uv":[3.5,0,7,1.5],"texture":"#0"},"east":{"uv":[3.5,1.5,5,3],"texture":"#0"},"south":{"uv":[3.5,0,7,1.5],"texture":"#0"},"west":{"uv":[3.5,1.5,5,3],"texture":"#0"},"up":{"uv":[3.5,3,0,1.5],"texture":"#0"},"down":{"uv":[3.5,0,0,1.5],"texture":"#0"}}},{"from":[0.9,0,4.9],"to":[15.1,2,11.1],"faces":{"north":{"uv":[7,0,10.5,0.5],"texture":"#0"},"east":{"uv":[7,0.5,8.5,1],"texture":"#0"},"south":{"uv":[7,0,10.5,0.5],"texture":"#0"},"west":{"uv":[7,0.5,8.5,1],"texture":"#0"}}},{"from":[12,6,7],"to":[14,32,9],"faces":{"north":{"uv":[0,3,0.5,9.5],"texture":"#0"},"east":{"uv":[0.5,3,1,9.5],"texture":"#0"},"south":{"uv":[0,3,0.5,9.5],"texture":"#0"},"west":{"uv":[0,3,0.5,9.5],"texture":"#0"},"up":{"uv":[0.5,10,0,9.5],"texture":"#0"},"down":{"uv":[0.5,9.5,0,10],"texture":"#0"}}},{"from":[2,6,7],"to":[4,32,9],"rotation":{"angle":0,"axis":"y","origin":[16,0,0]},"faces":{"north":{"uv":[0.5,3,0,9.5],"texture":"#0"},"east":{"uv":[0.5,3,0,9.5],"texture":"#0"},"south":{"uv":[0.5,3,0,9.5],"texture":"#0"},"west":{"uv":[1,3,0.5,9.5],"texture":"#0"},"up":{"uv":[0,10,0.5,9.5],"texture":"#0"},"down":{"uv":[0,9.5,0.5,10],"texture":"#0"}}},{"from":[4,29,7],"to":[12,32,9],"rotation":{"angle":0,"axis":"y","origin":[16,0,0]},"faces":{"north":{"uv":[1,3,3,3.75],"texture":"#0"},"east":{"uv":[1,4.75,1.5,5.5],"texture":"#0"},"south":{"uv":[1,3,3,3.75],"texture":"#0"},"west":{"uv":[1,4.75,1.5,5.5],"texture":"#0"},"up":{"uv":[3,4.25,1,3.75],"texture":"#0"},"down":{"uv":[3,4.25,1,4.75],"texture":"#0"}}},{"from":[4,18,7],"to":[12,21,9],"rotation":{"angle":0,"axis":"y","origin":[16,0,0]},"faces":{"north":{"uv":[3,3,5,3.75],"texture":"#0"},"east":{"uv":[3,4.25,3.5,5],"texture":"#0"},"south":{"uv":[3,3,5,3.75],"texture":"#0"},"west":{"uv":[3,4.25,3.5,5],"texture":"#0"},"up":{"uv":[5,4.25,3,3.75],"texture":"#0"},"down":{"uv":[5,3.75,3,4.25],"texture":"#0"}}}],"gui_light":"front","display":{"thirdperson_righthand":{"rotation":[67.5,0,0],"translation":[0,0.5,0.5],"scale":[0.33203,0.33203,0.33203]},"thirdperson_lefthand":{"rotation":[67.5,0,0],"translation":[0,0.5,0.5],"scale":[0.33203,0.33203,0.33203]},"firstperson_righthand":{"translation":[3.75,2.25,0],"scale":[0.46641,0.46641,0.46641]},"firstperson_lefthand":{"translation":[3.75,2.25,0],"scale":[0.46641,0.46641,0.46641]},"ground":{"translation":[0,3,0],"scale":[0.25,0.25,0.25]},"gui":{"rotation":[30,225,0],"translation":[0,-3,0],"scale":[0.45117,0.45117,0.45117]},"head":{"translation":[0,-30.4,0],"scale":[1.6,1.6,1.6]},"fixed":{"rotation":[-90,0,0],"translation":[0,0,-16],"scale":[2,2,2]}}}