{"credit":"MadewithBlockbench","texture_size":[64,64],"textures":{"0":"elitecreatures:fashion_store_furniture_v1/sale_1","particle":"elitecreatures:fashion_store_furniture_v1/sale_1"},"elements":[{"from":[1,1,15],"to":[15,28,16],"rotation":{"angle":0,"axis":"y","origin":[7,0,7]},"faces":{"north":{"uv":[7.25,0,10.75,6.75],"texture":"#0"},"east":{"uv":[3.5,0,3.75,6.75],"texture":"#0"},"south":{"uv":[0,0,3.5,6.75],"texture":"#0"},"west":{"uv":[3.75,0,3.5,6.75],"texture":"#0"},"up":{"uv":[3.5,7,0,6.75],"texture":"#0"},"down":{"uv":[3.5,6.75,0,7],"texture":"#0"}}},{"from":[0.9,0.9,14.9],"to":[15.1,28.1,16.1],"rotation":{"angle":0,"axis":"y","origin":[7,0,7]},"faces":{"north":{"uv":[3.75,0,7.25,6.75],"texture":"#0"},"east":{"uv":[3.5,0,3.75,6.75],"texture":"#0"},"south":{"uv":[0,0,3.5,6.75],"texture":"#0"},"west":{"uv":[3.75,0,3.5,6.75],"texture":"#0"},"up":{"uv":[3.5,7,0,6.75],"texture":"#0"},"down":{"uv":[3.5,6.75,0,7],"texture":"#0"}}},{"from":[0.9,0.9,14.8],"to":[15.1,28.1,14.8],"rotation":{"angle":0,"axis":"y","origin":[7,0,7]},"faces":{"north":{"uv":[10.75,0,14.25,6.75],"texture":"#0"}}},{"from":[0.9,0.9,14.7],"to":[15.1,28.1,14.7],"rotation":{"angle":0,"axis":"y","origin":[7,0,7]},"faces":{"north":{"uv":[10.75,0,14.25,6.75],"texture":"#0"}}},{"from":[0.9,0.9,14.6],"to":[15.1,28.1,14.6],"rotation":{"angle":0,"axis":"y","origin":[7,0,7]},"faces":{"north":{"uv":[10.75,0,14.25,6.75],"texture":"#0"}}}],"gui_light":"front","display":{"thirdperson_righthand":{"rotation":[67,0,0],"translation":[0,2.5,-0.75],"scale":[0.32813,0.32813,0.32813]},"thirdperson_lefthand":{"rotation":[67,0,0],"translation":[0,2.5,-0.75],"scale":[0.32813,0.32813,0.32813]},"firstperson_righthand":{"translation":[-1.25,3.25,0],"scale":[0.4,0.4,0.4]},"firstperson_lefthand":{"translation":[-1.25,3.25,0],"scale":[0.4,0.4,0.4]},"ground":{"translation":[0,3,-2.25],"scale":[0.38867,0.38867,0.38867]},"gui":{"rotation":[30,225,0],"translation":[3,-4.5,0],"scale":[0.5332,0.5332,0.5332]},"head":{"translation":[0,-32.15,0],"scale":[0,0,0]},"fixed":{"translation":[0,-1.75,-16.25],"scale":[2,2,2]}}}