{"credit":"MadewithBlockbench","texture_size":[128,128],"textures":{"0":"elitecreatures:airport_furniture_v1/airport_chair_1","particle":"elitecreatures:airport_furniture_v1/airport_chair_1"},"elements":[{"from":[17,10,11],"to":[29,18,13],"faces":{"north":{"uv":[0,2.375,1.5,3.375],"texture":"#0"},"east":{"uv":[3,2.375,3.25,3.375],"texture":"#0"},"south":{"uv":[1.5,2.375,3,3.375],"texture":"#0"},"west":{"uv":[3,2.375,3.25,3.375],"texture":"#0"},"up":{"uv":[1.5,3.625,0,3.375],"texture":"#0"},"down":{"uv":[1.5,3.375,0,3.625],"texture":"#0"}}},{"from":[-15,5,5],"to":[31,6,9],"faces":{"north":{"uv":[0,0.5,5.75,0.625],"texture":"#0"},"south":{"uv":[0,0.5,5.75,0.625],"texture":"#0"},"up":{"uv":[5.75,0.5,0,0],"texture":"#0"},"down":{"uv":[5.75,0,0,0.5],"texture":"#0"}}},{"from":[31,5,4],"to":[32,7,10],"faces":{"east":{"uv":[4.25,0.875,5,1.125],"texture":"#0"},"west":{"uv":[4.25,0.875,5,1.125],"texture":"#0"},"up":{"uv":[4.25,1.625,4.125,0.875],"texture":"#0"},"down":{"uv":[4.25,0.875,4.125,1.625],"texture":"#0"}}},{"from":[31,10,4],"to":[32,12,10],"rotation":{"angle":0,"axis":"y","origin":[0,0,16]},"faces":{"east":{"uv":[5,0.875,4.25,1.125],"texture":"#0"},"west":{"uv":[5,0.875,4.25,1.125],"texture":"#0"},"up":{"uv":[4.25,0.875,4.125,1.625],"texture":"#0"},"down":{"uv":[4.25,1.625,4.125,0.875],"texture":"#0"}}},{"from":[30,2,6],"to":[32,5,8],"faces":{"north":{"uv":[5.5,0.625,5.75,1],"texture":"#0"},"east":{"uv":[5.5,0.625,5.75,1],"texture":"#0"},"south":{"uv":[5.5,0.625,5.75,1],"texture":"#0"},"west":{"uv":[5.5,0.625,5.75,1],"texture":"#0"}}},{"from":[30,0,1],"to":[32,2,13],"faces":{"north":{"uv":[5.25,0.625,5.5,0.875],"texture":"#0"},"east":{"uv":[3.75,0.625,5.25,0.875],"texture":"#0"},"south":{"uv":[5.25,0.625,5.5,0.875],"texture":"#0"},"west":{"uv":[3.75,0.625,5.25,0.875],"texture":"#0"},"up":{"uv":[3.75,2.125,3.5,0.625],"texture":"#0"},"down":{"uv":[3.75,0.625,3.5,2.125],"texture":"#0"}}},{"from":[31,5,2],"to":[32,12,4],"faces":{"north":{"uv":[4,0.875,4.125,1.75],"texture":"#0"},"east":{"uv":[3.75,0.875,4,1.75],"texture":"#0"},"south":{"uv":[4,0.875,4.125,1.75],"texture":"#0"},"west":{"uv":[4,0.875,3.75,1.75],"texture":"#0"},"up":{"uv":[4.375,1.375,4.25,1.125],"texture":"#0"},"down":{"uv":[4.375,1.125,4.25,1.375],"texture":"#0"}}},{"from":[31,5,10],"to":[32,12,12],"rotation":{"angle":0,"axis":"y","origin":[0,0,16]},"faces":{"north":{"uv":[4.125,0.875,4,1.75],"texture":"#0"},"east":{"uv":[4,0.875,3.75,1.75],"texture":"#0"},"south":{"uv":[4.125,0.875,4,1.75],"texture":"#0"},"west":{"uv":[3.75,0.875,4,1.75],"texture":"#0"},"up":{"uv":[4.375,1.125,4.25,1.375],"texture":"#0"},"down":{"uv":[4.375,1.375,4.25,1.125],"texture":"#0"}}},{"from":[-16,10,4],"to":[-15,12,10],"rotation":{"angle":0,"axis":"y","origin":[16,0,16]},"faces":{"east":{"uv":[4.25,0.875,5,1.125],"texture":"#0"},"west":{"uv":[4.25,0.875,5,1.125],"texture":"#0"},"up":{"uv":[4.125,0.875,4.25,1.625],"texture":"#0"},"down":{"uv":[4.125,1.625,4.25,0.875],"texture":"#0"}}},{"from":[-16,5,2],"to":[-15,12,4],"rotation":{"angle":0,"axis":"y","origin":[16,0,0]},"faces":{"north":{"uv":[4.125,0.875,4,1.75],"texture":"#0"},"east":{"uv":[3.75,0.875,4,1.75],"texture":"#0"},"south":{"uv":[4.125,0.875,4,1.75],"texture":"#0"},"west":{"uv":[4,0.875,3.75,1.75],"texture":"#0"},"up":{"uv":[4.25,1.375,4.375,1.125],"texture":"#0"},"down":{"uv":[4.25,1.125,4.375,1.375],"texture":"#0"}}},{"from":[-16,5,10],"to":[-15,12,12],"rotation":{"angle":0,"axis":"y","origin":[16,0,16]},"faces":{"north":{"uv":[4,0.875,4.125,1.75],"texture":"#0"},"east":{"uv":[4,0.875,3.75,1.75],"texture":"#0"},"south":{"uv":[4,0.875,4.125,1.75],"texture":"#0"},"west":{"uv":[3.75,0.875,4,1.75],"texture":"#0"},"up":{"uv":[4.25,1.125,4.375,1.375],"texture":"#0"},"down":{"uv":[4.25,1.375,4.375,1.125],"texture":"#0"}}},{"from":[-16,5,4],"to":[-15,7,10],"rotation":{"angle":0,"axis":"y","origin":[16,0,0]},"faces":{"east":{"uv":[5,0.875,4.25,1.125],"texture":"#0"},"west":{"uv":[5,0.875,4.25,1.125],"texture":"#0"},"up":{"uv":[4.125,1.625,4.25,0.875],"texture":"#0"},"down":{"uv":[4.125,0.875,4.25,1.625],"texture":"#0"}}},{"from":[-16,2,6],"to":[-14,5,8],"rotation":{"angle":0,"axis":"y","origin":[16,0,0]},"faces":{"north":{"uv":[5.75,0.625,5.5,1],"texture":"#0"},"east":{"uv":[5.75,0.625,5.5,1],"texture":"#0"},"south":{"uv":[5.75,0.625,5.5,1],"texture":"#0"},"west":{"uv":[5.75,0.625,5.5,1],"texture":"#0"}}},{"from":[-16,0,1],"to":[-14,2,13],"rotation":{"angle":0,"axis":"y","origin":[16,0,0]},"faces":{"north":{"uv":[5.5,0.625,5.25,0.875],"texture":"#0"},"east":{"uv":[5.25,0.625,3.75,0.875],"texture":"#0"},"south":{"uv":[5.5,0.625,5.25,0.875],"texture":"#0"},"west":{"uv":[5.25,0.625,3.75,0.875],"texture":"#0"},"up":{"uv":[3.5,2.125,3.75,0.625],"texture":"#0"},"down":{"uv":[3.5,0.625,3.75,2.125],"texture":"#0"}}},{"from":[16,6,1],"to":[30,8,13],"faces":{"north":{"uv":[0,2.125,1.75,2.375],"texture":"#0"},"east":{"uv":[1.75,2.125,3.25,2.375],"texture":"#0"},"south":{"uv":[0,2.125,1.75,2.375],"texture":"#0"},"west":{"uv":[1.75,2.125,3.25,2.375],"texture":"#0"},"up":{"uv":[1.75,2.125,0,0.625],"texture":"#0"},"down":{"uv":[3.5,0.625,1.75,2.125],"texture":"#0"}}},{"from":[26,8,12],"to":[28,10,13],"faces":{"north":{"uv":[3.25,2.125,3.5,2.375],"texture":"#0"},"east":{"uv":[3.5,2.125,3.625,2.375],"texture":"#0"},"south":{"uv":[3.25,2.125,3.5,2.375],"texture":"#0"},"west":{"uv":[3.5,2.125,3.625,2.375],"texture":"#0"}}},{"from":[18,8,12],"to":[20,10,13],"rotation":{"angle":0,"axis":"y","origin":[16,0,0]},"faces":{"north":{"uv":[3.5,2.125,3.25,2.375],"texture":"#0"},"east":{"uv":[3.625,2.125,3.5,2.375],"texture":"#0"},"south":{"uv":[3.5,2.125,3.25,2.375],"texture":"#0"},"west":{"uv":[3.625,2.125,3.5,2.375],"texture":"#0"}}},{"from":[1,6,1],"to":[15,8,13],"faces":{"north":{"uv":[0,2.125,1.75,2.375],"texture":"#0"},"east":{"uv":[1.75,2.125,3.25,2.375],"texture":"#0"},"south":{"uv":[0,2.125,1.75,2.375],"texture":"#0"},"west":{"uv":[1.75,2.125,3.25,2.375],"texture":"#0"},"up":{"uv":[1.75,2.125,0,0.625],"texture":"#0"},"down":{"uv":[3.5,0.625,1.75,2.125],"texture":"#0"}}},{"from":[11,8,12],"to":[13,10,13],"faces":{"north":{"uv":[3.25,2.125,3.5,2.375],"texture":"#0"},"east":{"uv":[3.5,2.125,3.625,2.375],"texture":"#0"},"south":{"uv":[3.25,2.125,3.5,2.375],"texture":"#0"},"west":{"uv":[3.5,2.125,3.625,2.375],"texture":"#0"}}},{"from":[3,8,12],"to":[5,10,13],"rotation":{"angle":0,"axis":"y","origin":[16,0,0]},"faces":{"north":{"uv":[3.5,2.125,3.25,2.375],"texture":"#0"},"east":{"uv":[3.625,2.125,3.5,2.375],"texture":"#0"},"south":{"uv":[3.5,2.125,3.25,2.375],"texture":"#0"},"west":{"uv":[3.625,2.125,3.5,2.375],"texture":"#0"}}},{"from":[2,10,11],"to":[14,18,13],"faces":{"north":{"uv":[0,2.375,1.5,3.375],"texture":"#0"},"east":{"uv":[3,2.375,3.25,3.375],"texture":"#0"},"south":{"uv":[1.5,2.375,3,3.375],"texture":"#0"},"west":{"uv":[3,2.375,3.25,3.375],"texture":"#0"},"up":{"uv":[1.5,3.625,0,3.375],"texture":"#0"},"down":{"uv":[1.5,3.375,0,3.625],"texture":"#0"}}},{"from":[-14,6,1],"to":[0,8,13],"faces":{"north":{"uv":[0,2.125,1.75,2.375],"texture":"#0"},"east":{"uv":[1.75,2.125,3.25,2.375],"texture":"#0"},"south":{"uv":[0,2.125,1.75,2.375],"texture":"#0"},"west":{"uv":[1.75,2.125,3.25,2.375],"texture":"#0"},"up":{"uv":[1.75,2.125,0,0.625],"texture":"#0"},"down":{"uv":[3.5,0.625,1.75,2.125],"texture":"#0"}}},{"from":[-4,8,12],"to":[-2,10,13],"faces":{"north":{"uv":[3.25,2.125,3.5,2.375],"texture":"#0"},"east":{"uv":[3.5,2.125,3.625,2.375],"texture":"#0"},"south":{"uv":[3.25,2.125,3.5,2.375],"texture":"#0"},"west":{"uv":[3.5,2.125,3.625,2.375],"texture":"#0"}}},{"from":[-12,8,12],"to":[-10,10,13],"rotation":{"angle":0,"axis":"y","origin":[16,0,0]},"faces":{"north":{"uv":[3.5,2.125,3.25,2.375],"texture":"#0"},"east":{"uv":[3.625,2.125,3.5,2.375],"texture":"#0"},"south":{"uv":[3.5,2.125,3.25,2.375],"texture":"#0"},"west":{"uv":[3.625,2.125,3.5,2.375],"texture":"#0"}}},{"from":[-13,10,11],"to":[-1,18,13],"faces":{"north":{"uv":[0,2.375,1.5,3.375],"texture":"#0"},"east":{"uv":[3,2.375,3.25,3.375],"texture":"#0"},"south":{"uv":[1.5,2.375,3,3.375],"texture":"#0"},"west":{"uv":[3,2.375,3.25,3.375],"texture":"#0"},"up":{"uv":[1.5,3.625,0,3.375],"texture":"#0"},"down":{"uv":[1.5,3.375,0,3.625],"texture":"#0"}}}],"gui_light":"front","display":{"thirdperson_righthand":{"rotation":[67.5,0,0],"translation":[0,1,0.5],"scale":[0.18375,0.18375,0.18375]},"thirdperson_lefthand":{"rotation":[67.5,0,0],"translation":[0,1,0.5],"scale":[0.18375,0.18375,0.18375]},"firstperson_righthand":{"translation":[3,2.5,0],"scale":[0.37039,0.37039,0.37039]},"firstperson_lefthand":{"translation":[3,2.5,0],"scale":[0.37039,0.37039,0.37039]},"ground":{"translation":[0,2,0],"scale":[0.5,0.5,0.5]},"gui":{"rotation":[30,225,0],"scale":[0.31469,0.31469,0.31469]},"head":{"rotation":[0,-180,0],"translation":[0,-30.25,-2.5],"scale":[0,0,0]},"fixed":{"rotation":[-90,0,0],"translation":[0.5,2.25,-18.5],"scale":[2.32422,2.32422,2.32422]}}}