{"credit":"MadewithBlockbench","texture_size":[32,32],"textures":{"0":"elitecreatures:airport_furniture_v1/airport_packing_box_blank","particle":"elitecreatures:airport_furniture_v1/airport_packing_box_blank"},"elements":[{"from":[-5,0,8],"to":[9,2,17],"rotation":{"angle":0,"axis":"y","origin":[-6,0,5]},"faces":{"north":{"uv":[7,0,14,1],"texture":"#0"},"east":{"uv":[7,1,11.5,2],"texture":"#0"},"south":{"uv":[7,0,14,1],"texture":"#0"},"west":{"uv":[7,1,11.5,2],"texture":"#0"},"up":{"uv":[7,4.5,0,0],"texture":"#0"},"down":{"uv":[7,4.5,0,9],"texture":"#0"}}},{"from":[-5,2,17],"to":[9,3,18],"rotation":{"angle":0,"axis":"y","origin":[-6,0,5]},"faces":{"north":{"uv":[7,2,14,2.5],"texture":"#0"},"south":{"uv":[7,2,14,2.5],"texture":"#0"},"up":{"uv":[14,2.5,7,2],"texture":"#0"},"down":{"uv":[14,2,7,2.5],"texture":"#0"}}},{"from":[-5,2,7],"to":[9,3,8],"rotation":{"angle":0,"axis":"y","origin":[-6,0,11]},"faces":{"north":{"uv":[14,2,7,2.5],"texture":"#0"},"south":{"uv":[14,2,7,2.5],"texture":"#0"},"up":{"uv":[14,2,7,2.5],"texture":"#0"},"down":{"uv":[14,2.5,7,2],"texture":"#0"}}},{"from":[-6,2,7],"to":[-5,3,18],"rotation":{"angle":0,"axis":"y","origin":[-6,0,5]},"faces":{"north":{"uv":[7.5,3,8,3.5],"texture":"#0"},"east":{"uv":[7,2.5,12.5,3],"texture":"#0"},"south":{"uv":[7.5,3,8,3.5],"texture":"#0"},"west":{"uv":[7,2.5,12.5,3],"texture":"#0"},"up":{"uv":[7.5,8.5,7,3],"texture":"#0"},"down":{"uv":[7.5,3,7,8.5],"texture":"#0"}}},{"from":[9,2,7],"to":[10,3,18],"rotation":{"angle":0,"axis":"y","origin":[22,0,5]},"faces":{"north":{"uv":[8,3,7.5,3.5],"texture":"#0"},"east":{"uv":[12.5,2.5,7,3],"texture":"#0"},"south":{"uv":[8,3,7.5,3.5],"texture":"#0"},"west":{"uv":[12.5,2.5,7,3],"texture":"#0"},"up":{"uv":[7,8.5,7.5,3],"texture":"#0"},"down":{"uv":[7,3,7.5,8.5],"texture":"#0"}}},{"from":[-5,2,8],"to":[9,4,17],"rotation":{"angle":0,"axis":"y","origin":[-6,0,5]},"faces":{"north":{"uv":[7,0,14,1],"texture":"#0"},"east":{"uv":[7,1,11.5,2],"texture":"#0"},"south":{"uv":[7,0,14,1],"texture":"#0"},"west":{"uv":[7,1,11.5,2],"texture":"#0"},"up":{"uv":[7,4.5,0,0],"texture":"#0"},"down":{"uv":[7,4.5,0,9],"texture":"#0"}}},{"from":[-5,4,17],"to":[9,5,18],"rotation":{"angle":0,"axis":"y","origin":[-6,0,5]},"faces":{"north":{"uv":[7,2,14,2.5],"texture":"#0"},"south":{"uv":[7,2,14,2.5],"texture":"#0"},"up":{"uv":[14,2.5,7,2],"texture":"#0"},"down":{"uv":[14,2,7,2.5],"texture":"#0"}}},{"from":[-5,4,7],"to":[9,5,8],"rotation":{"angle":0,"axis":"y","origin":[-6,0,11]},"faces":{"north":{"uv":[14,2,7,2.5],"texture":"#0"},"south":{"uv":[14,2,7,2.5],"texture":"#0"},"up":{"uv":[14,2,7,2.5],"texture":"#0"},"down":{"uv":[14,2.5,7,2],"texture":"#0"}}},{"from":[-6,4,7],"to":[-5,5,18],"rotation":{"angle":0,"axis":"y","origin":[-6,0,5]},"faces":{"north":{"uv":[7.5,3,8,3.5],"texture":"#0"},"east":{"uv":[7,2.5,12.5,3],"texture":"#0"},"south":{"uv":[7.5,3,8,3.5],"texture":"#0"},"west":{"uv":[7,2.5,12.5,3],"texture":"#0"},"up":{"uv":[7.5,8.5,7,3],"texture":"#0"},"down":{"uv":[7.5,3,7,8.5],"texture":"#0"}}},{"from":[9,4,7],"to":[10,5,18],"rotation":{"angle":0,"axis":"y","origin":[22,0,5]},"faces":{"north":{"uv":[8,3,7.5,3.5],"texture":"#0"},"east":{"uv":[12.5,2.5,7,3],"texture":"#0"},"south":{"uv":[8,3,7.5,3.5],"texture":"#0"},"west":{"uv":[12.5,2.5,7,3],"texture":"#0"},"up":{"uv":[7,8.5,7.5,3],"texture":"#0"},"down":{"uv":[7,3,7.5,8.5],"texture":"#0"}}},{"from":[-5,4,8],"to":[9,6,17],"rotation":{"angle":0,"axis":"y","origin":[-6,0,5]},"faces":{"north":{"uv":[7,0,14,1],"texture":"#0"},"east":{"uv":[7,1,11.5,2],"texture":"#0"},"south":{"uv":[7,0,14,1],"texture":"#0"},"west":{"uv":[7,1,11.5,2],"texture":"#0"},"up":{"uv":[7,4.5,0,0],"texture":"#0"},"down":{"uv":[7,4.5,0,9],"texture":"#0"}}},{"from":[-5,6,17],"to":[9,7,18],"rotation":{"angle":0,"axis":"y","origin":[-6,0,5]},"faces":{"north":{"uv":[7,2,14,2.5],"texture":"#0"},"south":{"uv":[7,2,14,2.5],"texture":"#0"},"up":{"uv":[14,2.5,7,2],"texture":"#0"},"down":{"uv":[14,2,7,2.5],"texture":"#0"}}},{"from":[-5,6,7],"to":[9,7,8],"rotation":{"angle":0,"axis":"y","origin":[-6,0,11]},"faces":{"north":{"uv":[14,2,7,2.5],"texture":"#0"},"south":{"uv":[14,2,7,2.5],"texture":"#0"},"up":{"uv":[14,2,7,2.5],"texture":"#0"},"down":{"uv":[14,2.5,7,2],"texture":"#0"}}},{"from":[-6,6,7],"to":[-5,7,18],"rotation":{"angle":0,"axis":"y","origin":[-6,0,5]},"faces":{"north":{"uv":[7.5,3,8,3.5],"texture":"#0"},"east":{"uv":[7,2.5,12.5,3],"texture":"#0"},"south":{"uv":[7.5,3,8,3.5],"texture":"#0"},"west":{"uv":[7,2.5,12.5,3],"texture":"#0"},"up":{"uv":[7.5,8.5,7,3],"texture":"#0"},"down":{"uv":[7.5,3,7,8.5],"texture":"#0"}}},{"from":[9,6,7],"to":[10,7,18],"rotation":{"angle":0,"axis":"y","origin":[22,0,5]},"faces":{"north":{"uv":[8,3,7.5,3.5],"texture":"#0"},"east":{"uv":[12.5,2.5,7,3],"texture":"#0"},"south":{"uv":[8,3,7.5,3.5],"texture":"#0"},"west":{"uv":[12.5,2.5,7,3],"texture":"#0"},"up":{"uv":[7,8.5,7.5,3],"texture":"#0"},"down":{"uv":[7,3,7.5,8.5],"texture":"#0"}}},{"from":[14.5,0,0.5],"to":[23.5,2,14.5],"rotation":{"angle":-22.5,"axis":"y","origin":[19,1.75,7.5]},"faces":{"north":{"uv":[7,1,11.5,2],"texture":"#0"},"east":{"uv":[7,0,14,1],"texture":"#0"},"south":{"uv":[7,1,11.5,2],"texture":"#0"},"west":{"uv":[7,0,14,1],"texture":"#0"},"up":{"uv":[7,4.5,0,0],"rotation":270,"texture":"#0"},"down":{"uv":[7,4.5,0,9],"rotation":90,"texture":"#0"}}},{"from":[23.5,2,0.5],"to":[24.5,3,14.5],"rotation":{"angle":-22.5,"axis":"y","origin":[19,1.75,7.5]},"faces":{"east":{"uv":[7,2,14,2.5],"texture":"#0"},"west":{"uv":[7,2,14,2.5],"texture":"#0"},"up":{"uv":[14,2.5,7,2],"rotation":270,"texture":"#0"},"down":{"uv":[14,2,7,2.5],"rotation":90,"texture":"#0"}}},{"from":[13.5,2,0.5],"to":[14.5,3,14.5],"rotation":{"angle":-22.5,"axis":"y","origin":[19,1.75,7.5]},"faces":{"east":{"uv":[14,2,7,2.5],"texture":"#0"},"west":{"uv":[14,2,7,2.5],"texture":"#0"},"up":{"uv":[14,2,7,2.5],"rotation":270,"texture":"#0"},"down":{"uv":[14,2.5,7,2],"rotation":90,"texture":"#0"}}},{"from":[13.5,2,14.5],"to":[24.5,3,15.5],"rotation":{"angle":-22.5,"axis":"y","origin":[19,1.75,7.5]},"faces":{"north":{"uv":[7,2.5,12.5,3],"texture":"#0"},"east":{"uv":[7.5,3,8,3.5],"texture":"#0"},"south":{"uv":[7,2.5,12.5,3],"texture":"#0"},"west":{"uv":[7.5,3,8,3.5],"texture":"#0"},"up":{"uv":[7.5,8.5,7,3],"rotation":270,"texture":"#0"},"down":{"uv":[7.5,3,7,8.5],"rotation":90,"texture":"#0"}}},{"from":[13.5,2,-0.5],"to":[24.5,3,0.5],"rotation":{"angle":-22.5,"axis":"y","origin":[19,1.75,7.5]},"faces":{"north":{"uv":[12.5,2.5,7,3],"texture":"#0"},"east":{"uv":[8,3,7.5,3.5],"texture":"#0"},"south":{"uv":[12.5,2.5,7,3],"texture":"#0"},"west":{"uv":[8,3,7.5,3.5],"texture":"#0"},"up":{"uv":[7,8.5,7.5,3],"rotation":270,"texture":"#0"},"down":{"uv":[7,3,7.5,8.5],"rotation":90,"texture":"#0"}}},{"from":[14.5,2,0.5],"to":[23.5,4,14.5],"rotation":{"angle":-22.5,"axis":"y","origin":[19,1.75,7.5]},"faces":{"north":{"uv":[7,1,11.5,2],"texture":"#0"},"east":{"uv":[7,0,14,1],"texture":"#0"},"south":{"uv":[7,1,11.5,2],"texture":"#0"},"west":{"uv":[7,0,14,1],"texture":"#0"},"up":{"uv":[7,4.5,0,0],"rotation":270,"texture":"#0"},"down":{"uv":[7,4.5,0,9],"rotation":90,"texture":"#0"}}},{"from":[23.5,4,0.5],"to":[24.5,5,14.5],"rotation":{"angle":-22.5,"axis":"y","origin":[19,1.75,7.5]},"faces":{"east":{"uv":[7,2,14,2.5],"texture":"#0"},"west":{"uv":[7,2,14,2.5],"texture":"#0"},"up":{"uv":[14,2.5,7,2],"rotation":270,"texture":"#0"},"down":{"uv":[14,2,7,2.5],"rotation":90,"texture":"#0"}}},{"from":[13.5,4,0.5],"to":[14.5,5,14.5],"rotation":{"angle":-22.5,"axis":"y","origin":[19,1.75,7.5]},"faces":{"east":{"uv":[14,2,7,2.5],"texture":"#0"},"west":{"uv":[14,2,7,2.5],"texture":"#0"},"up":{"uv":[14,2,7,2.5],"rotation":270,"texture":"#0"},"down":{"uv":[14,2.5,7,2],"rotation":90,"texture":"#0"}}},{"from":[13.5,4,14.5],"to":[24.5,5,15.5],"rotation":{"angle":-22.5,"axis":"y","origin":[19,1.75,7.5]},"faces":{"north":{"uv":[7,2.5,12.5,3],"texture":"#0"},"east":{"uv":[7.5,3,8,3.5],"texture":"#0"},"south":{"uv":[7,2.5,12.5,3],"texture":"#0"},"west":{"uv":[7.5,3,8,3.5],"texture":"#0"},"up":{"uv":[7.5,8.5,7,3],"rotation":270,"texture":"#0"},"down":{"uv":[7.5,3,7,8.5],"rotation":90,"texture":"#0"}}},{"from":[13.5,4,-0.5],"to":[24.5,5,0.5],"rotation":{"angle":-22.5,"axis":"y","origin":[19,1.75,7.5]},"faces":{"north":{"uv":[12.5,2.5,7,3],"texture":"#0"},"east":{"uv":[8,3,7.5,3.5],"texture":"#0"},"south":{"uv":[12.5,2.5,7,3],"texture":"#0"},"west":{"uv":[8,3,7.5,3.5],"texture":"#0"},"up":{"uv":[7,8.5,7.5,3],"rotation":270,"texture":"#0"},"down":{"uv":[7,3,7.5,8.5],"rotation":90,"texture":"#0"}}},{"from":[-1,0,-5],"to":[13,2,4],"rotation":{"angle":22.5,"axis":"y","origin":[2,1.75,-0.5]},"faces":{"north":{"uv":[7,0,14,1],"texture":"#0"},"east":{"uv":[7,1,11.5,2],"texture":"#0"},"south":{"uv":[7,0,14,1],"texture":"#0"},"west":{"uv":[7,1,11.5,2],"texture":"#0"},"up":{"uv":[7,4.5,0,0],"texture":"#0"},"down":{"uv":[7,4.5,0,9],"texture":"#0"}}},{"from":[-1,2,4],"to":[13,3,5],"rotation":{"angle":22.5,"axis":"y","origin":[2,1.75,-0.5]},"faces":{"north":{"uv":[7,2,14,2.5],"texture":"#0"},"south":{"uv":[7,2,14,2.5],"texture":"#0"},"up":{"uv":[14,2.5,7,2],"texture":"#0"},"down":{"uv":[14,2,7,2.5],"texture":"#0"}}},{"from":[-1,2,-6],"to":[13,3,-5],"rotation":{"angle":22.5,"axis":"y","origin":[2,1.75,-0.5]},"faces":{"north":{"uv":[14,2,7,2.5],"texture":"#0"},"south":{"uv":[14,2,7,2.5],"texture":"#0"},"up":{"uv":[14,2,7,2.5],"texture":"#0"},"down":{"uv":[14,2.5,7,2],"texture":"#0"}}},{"from":[-2,2,-6],"to":[-1,3,5],"rotation":{"angle":22.5,"axis":"y","origin":[2,1.75,-0.5]},"faces":{"north":{"uv":[7.5,3,8,3.5],"texture":"#0"},"east":{"uv":[7,2.5,12.5,3],"texture":"#0"},"south":{"uv":[7.5,3,8,3.5],"texture":"#0"},"west":{"uv":[7,2.5,12.5,3],"texture":"#0"},"up":{"uv":[7.5,8.5,7,3],"texture":"#0"},"down":{"uv":[7.5,3,7,8.5],"texture":"#0"}}},{"from":[13,2,-6],"to":[14,3,5],"rotation":{"angle":22.5,"axis":"y","origin":[2,1.75,-0.5]},"faces":{"north":{"uv":[8,3,7.5,3.5],"texture":"#0"},"east":{"uv":[12.5,2.5,7,3],"texture":"#0"},"south":{"uv":[8,3,7.5,3.5],"texture":"#0"},"west":{"uv":[12.5,2.5,7,3],"texture":"#0"},"up":{"uv":[7,8.5,7.5,3],"texture":"#0"},"down":{"uv":[7,3,7.5,8.5],"texture":"#0"}}}],"gui_light":"front","display":{"thirdperson_righthand":{"rotation":[67.5,0,0],"translation":[0,2,1.5],"scale":[0.23,0.23,0.23]},"thirdperson_lefthand":{"rotation":[67.5,0,0],"translation":[0,2,1.5],"scale":[0.23,0.23,0.23]},"firstperson_righthand":{"translation":[-1.87,5.2,1.13],"scale":[0.40523,0.40523,0.40523]},"firstperson_lefthand":{"translation":[-1.87,5.2,1.13],"scale":[0.40523,0.40523,0.40523]},"ground":{"translation":[-0.25,3,0],"scale":[0.47,0.47,0.47]},"gui":{"rotation":[30,225,0],"translation":[-0.25,1.5,0],"scale":[0.43836,0.43836,0.43836]},"head":{"scale":[0,0,0]},"fixed":{"rotation":[-90,180,0],"translation":[0,0,-16],"scale":[2,2,2]}}}