{"credit":"MadewithBlockbench","texture_size":[128,128],"textures":{"0":"elitecreatures:airport_furniture_v1/airport_ticket_machine","particle":"elitecreatures:airport_furniture_v1/airport_ticket_machine"},"elements":[{"from":[0,6,4],"to":[16,32,13],"faces":{"north":{"uv":[0,0,2,3.25],"texture":"#0"},"east":{"uv":[0.375,3.25,1.5,6.5],"texture":"#0"},"south":{"uv":[2,0,4,3.25],"texture":"#0"},"west":{"uv":[0.375,3.25,1.5,6.5],"texture":"#0"},"up":{"uv":[6,1.125,4,0],"texture":"#0"}}},{"from":[14,6,3],"to":[16,32,4],"faces":{"north":{"uv":[0,3.25,0.25,6.5],"texture":"#0"},"east":{"uv":[0.25,3.25,0.375,6.5],"texture":"#0"},"west":{"uv":[0.25,3.25,0.375,6.5],"texture":"#0"},"up":{"uv":[1.75,3.375,1.5,3.25],"texture":"#0"},"down":{"uv":[1.75,3.25,1.5,3.375],"texture":"#0"}}},{"from":[0,6,3],"to":[2,32,4],"rotation":{"angle":0,"axis":"y","origin":[16,0,0]},"faces":{"north":{"uv":[0.25,3.25,0,6.5],"texture":"#0"},"east":{"uv":[0.375,3.25,0.25,6.5],"texture":"#0"},"west":{"uv":[0.375,3.25,0.25,6.5],"texture":"#0"},"up":{"uv":[1.5,3.375,1.75,3.25],"texture":"#0"},"down":{"uv":[1.5,3.25,1.75,3.375],"texture":"#0"}}},{"from":[2,28,3],"to":[14,32,4],"faces":{"north":{"uv":[4,2.75,5.5,3.25],"texture":"#0"},"east":{"uv":[5.5,2.75,5.625,3.25],"texture":"#0"},"west":{"uv":[5.5,2.75,5.625,3.25],"texture":"#0"},"up":{"uv":[5.5,3.375,4,3.25],"texture":"#0"},"down":{"uv":[5.5,3.25,4,3.375],"texture":"#0"}}},{"from":[0,0,3],"to":[16,6,13],"faces":{"north":{"uv":[4,1.25,6,2],"texture":"#0"},"east":{"uv":[4,2,5.25,2.75],"texture":"#0"},"south":{"uv":[4,1.25,6,2],"texture":"#0"},"west":{"uv":[4,2,5.25,2.75],"texture":"#0"},"up":{"uv":[4,4.5,2,3.25],"texture":"#0"},"down":{"uv":[6,0,4,1.25],"texture":"#0"}}}],"gui_light":"front","display":{"thirdperson_righthand":{"rotation":[67.5,0,0],"translation":[0,0.75,-0.75],"scale":[0.21602,0.21602,0.21602]},"thirdperson_lefthand":{"rotation":[67.5,0,0],"translation":[0,0.75,-0.75],"scale":[0.21602,0.21602,0.21602]},"firstperson_righthand":{"translation":[-0.25,1.75,1],"scale":[0.36445,0.36445,0.36445]},"firstperson_lefthand":{"translation":[-0.25,1.75,1],"scale":[0.36445,0.36445,0.36445]},"ground":{"translation":[0,3,0],"scale":[0.25,0.25,0.25]},"gui":{"rotation":[30,225,0],"translation":[0,-2.75,0],"scale":[0.38398,0.38398,0.38398]},"head":{"rotation":[0,-180,0],"translation":[0,-27,0],"scale":[0,0,0]},"fixed":{"rotation":[-90,0,0],"translation":[0,0,-16],"scale":[2,2,2]}}}