{"credit":"MadewithBlockbench","texture_size":[64,64],"textures":{"0":"elitecreatures:nightclub_furniture_v2/nightclub_bar_01","particle":"elitecreatures:nightclub_furniture_v2/nightclub_bar_01"},"elements":[{"from":[0,14,0],"to":[16,16,10],"faces":{"north":{"uv":[8,5.5,12,6],"texture":"#0"},"east":{"uv":[8,6,10.5,6.5],"texture":"#0"},"south":{"uv":[8,5,12,5.5],"texture":"#0"},"west":{"uv":[8,6,10.5,6.5],"texture":"#0"},"up":{"uv":[12,2.5,8,0],"texture":"#0"},"down":{"uv":[12,2.5,8,5],"texture":"#0"}}},{"from":[0,11,0],"to":[16,14,7],"faces":{"north":{"uv":[4,3.5,8,4.25],"texture":"#0"},"east":{"uv":[5.75,4.25,4,5],"texture":"#0"},"south":{"uv":[4,2.75,8,3.5],"texture":"#0"},"west":{"uv":[4,4.25,5.75,5],"texture":"#0"}}},{"from":[0,0,0],"to":[16,11,16],"faces":{"north":{"uv":[0,8,4,10.75],"texture":"#0"},"east":{"uv":[4,0,8,2.75],"texture":"#0"},"south":{"uv":[0,10.75,4,13.5],"texture":"#0"},"west":{"uv":[8,0,4,2.75],"texture":"#0"},"up":{"uv":[4,4,0,0],"texture":"#0"},"down":{"uv":[4,4,0,8],"texture":"#0"}}}],"gui_light":"front","display":{"thirdperson_righthand":{"rotation":[67.5,-180,0],"translation":[0,2,0],"scale":[0.25078,0.25078,0.25078]},"thirdperson_lefthand":{"rotation":[67.5,-180,0],"translation":[0,2,0],"scale":[0.25078,0.25078,0.25078]},"firstperson_righthand":{"translation":[1,2.25,0],"scale":[0.50922,0.50531,0.50922]},"firstperson_lefthand":{"translation":[1,2.25,0],"scale":[0.50922,0.50531,0.50922]},"ground":{"translation":[0,2,0],"scale":[0.5,0.5,0.5]},"gui":{"rotation":[30,45,0],"translation":[0,-0.25,0],"scale":[0.49883,0.49883,0.49883]},"head":{"translation":[0,-30.25,0],"scale":[0,0,0]},"fixed":{"rotation":[-90,180,0],"translation":[0,0,-16],"scale":[2,2,2]}}}