{"credit":"MadewithBlockbench","texture_size":[32,32],"textures":{"0":"elitecreatures:nightclub_furniture_v2/nightclub_chair_brown","particle":"elitecreatures:nightclub_furniture_v2/nightclub_chair_brown"},"elements":[{"from":[5,0,5],"to":[11,1,11],"faces":{"north":{"uv":[4,7,7,7.5],"texture":"#0"},"east":{"uv":[4,7,7,7.5],"texture":"#0"},"south":{"uv":[4,7,7,7.5],"texture":"#0"},"west":{"uv":[4,7,7,7.5],"texture":"#0"},"up":{"uv":[7,7,4,4],"texture":"#0"},"down":{"uv":[7,4,4,7],"texture":"#0"}}},{"from":[4,4,4],"to":[12,4,12],"faces":{"up":{"uv":[8,4,4,0],"texture":"#0"},"down":{"uv":[8,0,4,4],"texture":"#0"}}},{"from":[4,12,4],"to":[12,15,12],"faces":{"north":{"uv":[0,8,4,9.5],"texture":"#0"},"east":{"uv":[0,8,4,9.5],"texture":"#0"},"south":{"uv":[0,8,4,9.5],"texture":"#0"},"west":{"uv":[0,8,4,9.5],"texture":"#0"},"up":{"uv":[4,4,0,0],"texture":"#0"},"down":{"uv":[4,4,0,8],"texture":"#0"}}},{"from":[7,1,7],"to":[9,12,9],"faces":{"north":{"uv":[4,7.5,5,13],"texture":"#0"},"east":{"uv":[4,7.5,5,13],"texture":"#0"},"south":{"uv":[4,7.5,5,13],"texture":"#0"},"west":{"uv":[4,7.5,5,13],"texture":"#0"}}}],"gui_light":"front","display":{"thirdperson_righthand":{"rotation":[67.5,0,0],"translation":[0,0.5,0.5],"scale":[0.34008,0.34008,0.34008]},"thirdperson_lefthand":{"rotation":[67.5,0,0],"translation":[0,0.5,0.5],"scale":[0.34008,0.34008,0.34008]},"firstperson_righthand":{"translation":[0.75,2.5,0],"scale":[0.56445,0.56445,0.56445]},"firstperson_lefthand":{"translation":[0.75,2.5,0],"scale":[0.56445,0.56445,0.56445]},"ground":{"translation":[0,7.5,0],"scale":[0.76758,0.76758,0.76758]},"gui":{"rotation":[30,225,0],"translation":[0,-0.25,0],"scale":[0.69141,0.69141,0.69141]},"head":{"translation":[0,-30.25,0],"scale":[0,0,0]},"fixed":{"rotation":[-90,0,0],"translation":[0,0,-16],"scale":[2,2,2]}}}