{"credit":"MadewithBlockbench","texture_size":[64,64],"textures":{"0":"elitecreatures:casino_decoration_v2/07_chair_texture","particle":"elitecreatures:casino_decoration_v2/07_chair_texture"},"elements":[{"from":[4,0,4],"to":[12,1,12],"faces":{"north":{"uv":[5,2,7,2.25],"texture":"#0"},"east":{"uv":[5,2,7,2.25],"texture":"#0"},"south":{"uv":[5,2,7,2.25],"texture":"#0"},"west":{"uv":[5,2,7,2.25],"texture":"#0"},"up":{"uv":[7,2,5,0],"texture":"#0"},"down":{"uv":[2,2.25,0,4.25],"texture":"#0"}}},{"from":[4,5,4],"to":[12,5,12],"faces":{"north":{"uv":[0,0,0,0],"texture":"#0"},"east":{"uv":[0,0,0,0],"texture":"#0"},"south":{"uv":[0,0,0,0],"texture":"#0"},"west":{"uv":[0,0,0,0],"texture":"#0"},"up":{"uv":[6.5,4.25,4.5,2.25],"texture":"#0"},"down":{"uv":[4.5,4.25,6.5,2.25],"texture":"#0"}}},{"from":[7,1,7],"to":[9,14,9],"faces":{"north":{"uv":[4,0,4.5,3.25],"texture":"#0"},"east":{"uv":[4,0,4.5,3.25],"texture":"#0"},"south":{"uv":[4,0,4.5,3.25],"texture":"#0"},"west":{"uv":[4,0,4.5,3.25],"texture":"#0"},"up":{"uv":[0,0,0,0],"texture":"#0"},"down":{"uv":[0,0,0,0],"texture":"#0"}}},{"from":[4,12,4],"to":[12,15,12],"faces":{"north":{"uv":[2,0,4,0.75],"texture":"#0"},"east":{"uv":[0,4.25,2,5],"texture":"#0"},"south":{"uv":[0,4.25,2,5],"texture":"#0"},"west":{"uv":[2,4.25,0,5],"texture":"#0"},"up":{"uv":[4,4.25,2,2.25],"texture":"#0"},"down":{"uv":[2,2.25,0,4.25],"texture":"#0"}}},{"from":[4.1,12.3467,12.257],"to":[11.9,21.3467,14.257],"rotation":{"angle":22.5,"axis":"x","origin":[8,17.8467,12.257]},"faces":{"north":{"uv":[0,0,2,2.25],"texture":"#0"},"east":{"uv":[4.5,0,5,2.25],"texture":"#0"},"south":{"uv":[0,0,2,2.25],"texture":"#0"},"west":{"uv":[5,0,4.5,2.25],"texture":"#0"},"up":{"uv":[2.5,5,0.5,5.5],"texture":"#0"},"down":{"uv":[0,0,0,0],"texture":"#0"}}}],"gui_light":"front","display":{"thirdperson_righthand":{"rotation":[67.5,0,0],"translation":[0,0.5,0.75],"scale":[0.32172,0.32172,0.32172]},"thirdperson_lefthand":{"rotation":[67.5,0,0],"translation":[0,0.5,0.75],"scale":[0.32172,0.32172,0.32172]},"firstperson_righthand":{"translation":[1.25,3.25,0],"scale":[0.51289,0.51289,0.51289]},"firstperson_lefthand":{"translation":[1.25,3.25,0],"scale":[0.51289,0.51289,0.51289]},"ground":{"translation":[0,4,0],"scale":[0.57,0.57,0.57]},"gui":{"rotation":[30,145,0],"translation":[0,-1.5,0],"scale":[0.55977,0.55977,0.55977]},"head":{"rotation":[0,-180,0],"translation":[0,-31.25,0],"scale":[0,0,0]},"fixed":{"rotation":[-90,0,0],"translation":[0,0,-16],"scale":[2,2,2]}}}