{"credit":"MadewithBlockbench","texture_size":[128,128],"textures":{"0":"elitecreatures:casino_decoration_v2/04_doggie_cash_texture","particle":"elitecreatures:casino_decoration_v2/04_doggie_cash_texture"},"elements":[{"from":[-8,0,0],"to":[16,6,16],"faces":{"north":{"uv":[6.5,5.5,9.5,6.25],"texture":"#0"},"east":{"uv":[8.5,7,6.5,7.75],"texture":"#0"},"south":{"uv":[6.5,6.25,9.5,7],"texture":"#0"},"west":{"uv":[6.5,7,8.5,7.75],"texture":"#0"},"up":{"uv":[8,2,5,0],"texture":"#0"},"down":{"uv":[8,2,5,4],"texture":"#0"}}},{"from":[0,5,-2.5],"to":[16,6,0],"faces":{"north":{"uv":[8.5,7.625,10.5,7.75],"texture":"#0"},"east":{"uv":[2.375,6.25,2.6875,6.375],"texture":"#0"},"south":{"uv":[7.125,8.625,9.125,8.75],"texture":"#0"},"west":{"uv":[2.375,6.25,2.6875,6.375],"texture":"#0"},"up":{"uv":[10.625,2.9375,8.625,2.625],"texture":"#0"},"down":{"uv":[10.625,2.875,8.625,3.1875],"texture":"#0"}}},{"from":[-8,6,4],"to":[16,30,16],"faces":{"north":{"uv":[0,0,3,3],"texture":"#0"},"east":{"uv":[1.5,6,0,9],"texture":"#0"},"south":{"uv":[0,3,3,6],"texture":"#0"},"west":{"uv":[0,6,1.5,9],"texture":"#0"},"up":{"uv":[4.5,8,1.5,6.5],"texture":"#0"},"down":{"uv":[9.5,4,6.5,5.5],"texture":"#0"}}},{"from":[-7.5,22,2],"to":[-0.5,29,4],"faces":{"north":{"uv":[8,3.125,8.875,4],"texture":"#0"},"east":{"uv":[7.75,7.75,8,8.625],"texture":"#0"},"south":{"uv":[3.5,8,4.375,8.875],"texture":"#0"},"west":{"uv":[7.75,7.75,8,8.625],"texture":"#0"},"up":{"uv":[8.875,1.5,8,1.25],"texture":"#0"},"down":{"uv":[8.875,1.5,8,1.25],"texture":"#0"}}},{"from":[-7.5,8,0],"to":[-0.5,9,4],"faces":{"north":{"uv":[7.125,8.75,8,8.875],"texture":"#0"},"east":{"uv":[2.375,6,2.875,6.125],"texture":"#0"},"south":{"uv":[8,8.75,8.875,8.875],"texture":"#0"},"west":{"uv":[2.375,6.125,2.875,6.25],"texture":"#0"},"up":{"uv":[2.375,6.5,1.5,6],"texture":"#0"},"down":{"uv":[3.875,6.5,3,6],"texture":"#0"}}},{"from":[-7.5,6,0],"to":[-0.5,19,5],"rotation":{"angle":-22.5,"axis":"x","origin":[4,19,0]},"faces":{"north":{"uv":[4.5,7.75,5.375,9.375],"texture":"#0"},"east":{"uv":[3,8,2.375,9.625],"texture":"#0"},"south":{"uv":[5.375,7.75,6.25,9.375],"texture":"#0"},"west":{"uv":[2.375,8,3,9.625],"texture":"#0"},"up":{"uv":[9.375,7.625,8.5,7],"texture":"#0"},"down":{"uv":[9.5,1.5,8.625,2.125],"texture":"#0"}}},{"from":[0,6,2],"to":[16,32,4],"faces":{"north":{"uv":[3,0,5,3.25],"texture":"#0"},"east":{"uv":[3,8,3.25,11.25],"texture":"#0"},"south":{"uv":[3,3.25,5,6.5],"texture":"#0"},"west":{"uv":[3.25,8,3,11.25],"texture":"#0"},"up":{"uv":[10.625,2.375,8.625,2.125],"texture":"#0"},"down":{"uv":[10.625,2.375,8.625,2.625],"texture":"#0"}}}],"gui_light":"front","display":{"thirdperson_righthand":{"rotation":[67.5,0,0],"translation":[0.75,1.25,0],"scale":[0.17828,0.17828,0.17828]},"thirdperson_lefthand":{"rotation":[67.5,0,0],"translation":[0.75,1.25,0],"scale":[0.17828,0.17828,0.17828]},"firstperson_righthand":{"translation":[1.25,3,0],"scale":[0.30937,0.30937,0.30937]},"firstperson_lefthand":{"translation":[-0.25,3,0],"scale":[0.30937,0.30937,0.30937]},"ground":{"translation":[0,3.75,0],"scale":[0.28179,0.28179,0.28179]},"gui":{"rotation":[30,145,0],"translation":[-0.75,-2,0],"scale":[0.38,0.38,0.38]},"head":{"rotation":[0,-180,0],"translation":[0,-31.25,0],"scale":[0,0,0]},"fixed":{"rotation":[-90,0,0],"translation":[0,0,-16],"scale":[2,2,2]}}}