{"credit":"MadewithBlockbench","texture_size":[128,128],"textures":{"0":"elitecreatures:casino_decoration_v2/03_gambling_game_machine_texture","particle":"elitecreatures:casino_decoration_v2/03_gambling_game_machine_texture"},"elements":[{"from":[0,28,0],"to":[16,32,16],"rotation":{"angle":0,"axis":"y","origin":[0,-16,0]},"faces":{"north":{"uv":[6.25,8.5,4.25,9],"texture":"#0"},"east":{"uv":[6.25,8.5,4.25,9],"texture":"#0"},"south":{"uv":[4.25,8.5,6.25,9],"texture":"#0"},"west":{"uv":[4.25,8.5,6.25,9],"texture":"#0"},"up":{"uv":[9.375,6,7.375,4],"texture":"#0"},"down":{"uv":[7.375,1.125,5.375,3.125],"texture":"#0"}}},{"from":[0,-6,0],"to":[16,-2,16],"rotation":{"angle":0,"axis":"y","origin":[0,-16,0]},"faces":{"north":{"uv":[6.25,8.5,4.25,9],"texture":"#0"},"east":{"uv":[6.25,8.5,4.25,9],"texture":"#0"},"south":{"uv":[2.25,8.5,4.25,9],"texture":"#0"},"west":{"uv":[4.25,8.5,6.25,9],"texture":"#0"},"up":{"uv":[7.375,2,5.375,0],"texture":"#0"},"down":{"uv":[7.375,2,5.375,4],"texture":"#0"}}},{"from":[0,8,9.25],"to":[16,25,9.25],"rotation":{"angle":0,"axis":"y","origin":[8,-1.92388,5.19762]},"faces":{"north":{"uv":[1.375,4,3.375,6.125],"texture":"#0"},"east":{"uv":[0,0,0,2.125],"texture":"#0"},"south":{"uv":[3.375,4,5.375,6.125],"texture":"#0"},"west":{"uv":[0,0,0,2.125],"texture":"#0"},"up":{"uv":[2,0,0,0],"texture":"#0"},"down":{"uv":[2,0,0,0],"texture":"#0"}}},{"from":[0,21.39976,19.24485],"to":[16,26.89976,19.24485],"rotation":{"angle":-22.5,"axis":"x","origin":[8,-1.92388,5.19762]},"faces":{"north":{"uv":[7.375,7.25,9.375,7.9375],"texture":"#0"},"east":{"uv":[0,0,0,0.6875],"texture":"#0"},"south":{"uv":[5.375,7.75,7.375,8.4375],"texture":"#0"},"west":{"uv":[0,0,0,0.6875],"texture":"#0"},"up":{"uv":[2,0,0,0],"texture":"#0"},"down":{"uv":[2,0,0,0],"texture":"#0"}}},{"from":[0,-2.20463,5.14383],"to":[16,8.79537,5.14383],"rotation":{"angle":22.5,"axis":"x","origin":[8,-1.92388,5.19762]},"faces":{"north":{"uv":[7.375,0,9.375,1.375],"texture":"#0"},"east":{"uv":[0,0,0,1.375],"texture":"#0"},"south":{"uv":[7.375,1.375,9.375,2.75],"texture":"#0"},"west":{"uv":[0,0,0,1.375],"texture":"#0"},"up":{"uv":[2,0,0,0],"texture":"#0"},"down":{"uv":[2,0,0,0],"texture":"#0"}}},{"from":[0,-16,1],"to":[16,-14,16],"rotation":{"angle":0,"axis":"y","origin":[0,-16,0]},"faces":{"north":{"uv":[1.875,9,3.75,9.25],"texture":"#0"},"east":{"uv":[1.875,9,3.75,9.25],"texture":"#0"},"south":{"uv":[1.875,9,3.75,9.25],"texture":"#0"},"west":{"uv":[1.875,9,3.75,9.25],"texture":"#0"},"up":{"uv":[7.375,5.875,5.375,4],"texture":"#0"},"down":{"uv":[7.375,5.875,5.375,7.75],"texture":"#0"}}},{"from":[0,-16,7],"to":[16,-6,7],"rotation":{"angle":-22.5,"axis":"x","origin":[8,-6,7]},"faces":{"north":{"uv":[7.375,2.75,9.375,4],"texture":"#0"},"east":{"uv":[0,0,0,1.25],"texture":"#0"},"south":{"uv":[7.375,4,9.375,5.25],"texture":"#0"},"west":{"uv":[0,0,0,1.25],"texture":"#0"},"up":{"uv":[2,0,0,0],"texture":"#0"},"down":{"uv":[2,0,0,0],"texture":"#0"}}},{"from":[0,-14,16],"to":[16,-6,16],"rotation":{"angle":0,"axis":"y","origin":[0,-16,0]},"faces":{"north":{"uv":[7.375,5.25,9.375,6.25],"texture":"#0"},"east":{"uv":[0,0,0,1],"texture":"#0"},"south":{"uv":[7.375,6.25,9.375,7.25],"texture":"#0"},"west":{"uv":[0,0,0,1],"texture":"#0"},"up":{"uv":[2,0,0,0],"texture":"#0"},"down":{"uv":[2,0,0,0],"texture":"#0"}}},{"from":[0,-2,16],"to":[16,28,16],"rotation":{"angle":0,"axis":"y","origin":[0,-16,0]},"faces":{"north":{"uv":[0,0,2,4],"texture":"#0"},"east":{"uv":[0,0,0,4],"texture":"#0"},"south":{"uv":[2,0.25,4,4],"texture":"#0"},"west":{"uv":[0,0,0,4],"texture":"#0"},"up":{"uv":[2,0,0,0],"texture":"#0"},"down":{"uv":[2,0,0,0],"texture":"#0"}}},{"from":[0,-14,7],"to":[0,-6,16],"rotation":{"angle":0,"axis":"y","origin":[8,-11,16]},"faces":{"north":{"uv":[0,0,0,1],"texture":"#0"},"east":{"uv":[0,8,1.125,9],"texture":"#0"},"south":{"uv":[0,0,0,1],"texture":"#0"},"west":{"uv":[1.125,8,0,9],"texture":"#0"},"up":{"uv":[0,1.125,0,0],"texture":"#0"},"down":{"uv":[0,0,0,1.125],"texture":"#0"}}},{"from":[16,-14,7],"to":[16,-6,16],"rotation":{"angle":0,"axis":"y","origin":[8,-11,16]},"faces":{"north":{"uv":[0,0,0,1],"texture":"#0"},"east":{"uv":[0,8,1.125,9],"texture":"#0"},"south":{"uv":[0,0,0,1],"texture":"#0"},"west":{"uv":[1.125,8,0,9],"texture":"#0"},"up":{"uv":[0,1.125,0,0],"texture":"#0"},"down":{"uv":[0,0,0,1.125],"texture":"#0"}}},{"from":[0,-2,5],"to":[0,28,16],"rotation":{"angle":0,"axis":"y","origin":[8,-11,16]},"faces":{"north":{"uv":[0,0,0,4],"texture":"#0"},"east":{"uv":[0,4.25,1.375,8],"texture":"#0"},"south":{"uv":[0,0,0,4],"texture":"#0"},"west":{"uv":[1.375,4.25,0,8],"texture":"#0"},"up":{"uv":[0,1.375,0,0],"texture":"#0"},"down":{"uv":[0,0,0,1.375],"texture":"#0"}}},{"from":[16,-2,5],"to":[16,28,16],"rotation":{"angle":0,"axis":"y","origin":[8,-11,16]},"faces":{"north":{"uv":[0,0,0,4],"texture":"#0"},"east":{"uv":[0,4.25,1.375,8],"texture":"#0"},"south":{"uv":[0,0,0,4],"texture":"#0"},"west":{"uv":[1.375,4.25,0,8],"texture":"#0"},"up":{"uv":[0,1.375,0,0],"texture":"#0"},"down":{"uv":[0,0,0,1.375],"texture":"#0"}}},{"from":[-0.25,-14,10],"to":[0.75,-5,11],"rotation":{"angle":-22.5,"axis":"x","origin":[-0.5,-14,10]},"faces":{"north":{"uv":[1.5,8,1.625,9.125],"texture":"#0"},"east":{"uv":[1.5,8,1.625,9.125],"texture":"#0"},"south":{"uv":[1.5,8,1.625,9.125],"texture":"#0"},"west":{"uv":[1.5,8,1.625,9.125],"texture":"#0"},"up":{"uv":[1.75,8.25,1.625,8.125],"texture":"#0"},"down":{"uv":[1.75,8.125,1.625,8.25],"texture":"#0"}}},{"from":[-0.25,-2,4.75],"to":[0.75,9,5.75],"rotation":{"angle":22.5,"axis":"x","origin":[0.25,-2,4.75]},"faces":{"north":{"uv":[1.5,9.375,1.375,10.75],"texture":"#0"},"east":{"uv":[1.5,8,1.375,9.375],"texture":"#0"},"south":{"uv":[1.375,8,1.5,9.375],"texture":"#0"},"west":{"uv":[1.375,8,1.5,9.375],"texture":"#0"},"up":{"uv":[1.75,8.125,1.625,8],"texture":"#0"},"down":{"uv":[1.875,8,1.75,8.125],"texture":"#0"}}},{"from":[-0.25,7.75,8.85],"to":[0.75,25,9.85],"rotation":{"angle":0,"axis":"y","origin":[0.25,-2,4.75]},"faces":{"north":{"uv":[1.125,9.125,1.25,11.28125],"texture":"#0"},"east":{"uv":[1.375,8,1.25,10.15625],"texture":"#0"},"south":{"uv":[1.25,8,1.375,10.15625],"texture":"#0"},"west":{"uv":[1.25,8,1.375,10.15625],"texture":"#0"},"up":{"uv":[1.75,8.125,1.625,8],"texture":"#0"},"down":{"uv":[1.875,8,1.75,8.125],"texture":"#0"}}},{"from":[-0.25,25,8.85],"to":[0.75,29,9.85],"rotation":{"angle":-22.5,"axis":"x","origin":[0.25,24.875,9.85]},"faces":{"north":{"uv":[1,9,1.125,9.5],"texture":"#0"},"east":{"uv":[1.25,8,1.125,8.5],"texture":"#0"},"south":{"uv":[1.125,8,1.25,8.5],"texture":"#0"},"west":{"uv":[1.125,8,1.25,8.5],"texture":"#0"},"up":{"uv":[1.75,8.125,1.625,8],"texture":"#0"},"down":{"uv":[1.875,8,1.75,8.125],"texture":"#0"}}},{"from":[15.25,-2,4.75],"to":[16.25,9,5.75],"rotation":{"angle":22.5,"axis":"x","origin":[15.75,-2,4.75]},"faces":{"north":{"uv":[1.375,9.375,1.5,10.75],"texture":"#0"},"east":{"uv":[1.5,8,1.375,9.375],"texture":"#0"},"south":{"uv":[1.5,8,1.375,9.375],"texture":"#0"},"west":{"uv":[1.375,8,1.5,9.375],"texture":"#0"},"up":{"uv":[1.625,8.125,1.75,8],"texture":"#0"},"down":{"uv":[1.75,8,1.875,8.125],"texture":"#0"}}},{"from":[15.25,7.75,8.85],"to":[16.25,25,9.85],"rotation":{"angle":0,"axis":"y","origin":[15.75,-2,4.75]},"faces":{"north":{"uv":[1.25,9.125,1.125,11.28125],"texture":"#0"},"east":{"uv":[1.375,8,1.25,10.15625],"texture":"#0"},"south":{"uv":[1.375,8,1.25,10.15625],"texture":"#0"},"west":{"uv":[1.25,8,1.375,10.15625],"texture":"#0"},"up":{"uv":[1.625,8.125,1.75,8],"texture":"#0"},"down":{"uv":[1.75,8,1.875,8.125],"texture":"#0"}}},{"from":[15.25,25,8.85],"to":[16.25,29,9.85],"rotation":{"angle":-22.5,"axis":"x","origin":[15.75,24.875,9.85]},"faces":{"north":{"uv":[1.125,9,1,9.5],"texture":"#0"},"east":{"uv":[1.25,8,1.125,8.5],"texture":"#0"},"south":{"uv":[1.25,8,1.125,8.5],"texture":"#0"},"west":{"uv":[1.125,8,1.25,8.5],"texture":"#0"},"up":{"uv":[1.625,8.125,1.75,8],"texture":"#0"},"down":{"uv":[1.75,8,1.875,8.125],"texture":"#0"}}},{"from":[15.25,-14,10],"to":[16.25,-5,11],"rotation":{"angle":-22.5,"axis":"x","origin":[16.5,-14,10]},"faces":{"north":{"uv":[1.625,8,1.5,9.125],"texture":"#0"},"east":{"uv":[1.625,8,1.5,9.125],"texture":"#0"},"south":{"uv":[1.625,8,1.5,9.125],"texture":"#0"},"west":{"uv":[1.625,8,1.5,9.125],"texture":"#0"},"up":{"uv":[1.625,8.25,1.75,8.125],"texture":"#0"},"down":{"uv":[1.625,8.125,1.75,8.25],"texture":"#0"}}}],"gui_light":"front","display":{"thirdperson_righthand":{"rotation":[67.5,0,0],"translation":[0,2.25,1.5],"scale":[0.23,0.23,0.23]},"thirdperson_lefthand":{"rotation":[67.5,0,0],"translation":[0,2.25,1.5],"scale":[0.23,0.23,0.23]},"firstperson_righthand":{"translation":[1.25,6.25,0],"scale":[0.28422,0.28422,0.28422]},"firstperson_lefthand":{"translation":[1.25,6.25,0],"scale":[0.28422,0.28422,0.28422]},"ground":{"translation":[0,9.5,0],"scale":[0.24867,0.24867,0.24867]},"gui":{"rotation":[30,145,0],"scale":[0.29,0.29,0.29]},"head":{"rotation":[0,-180,0],"translation":[0,-31.25,0],"scale":[0,0,0]},"fixed":{"rotation":[-90,0,0],"translation":[0,0,-48],"scale":[2,2,2]}}}