{"credit":"MadewithBlockbench","texture_size":[64,64],"textures":{"0":"elitecreatures:casino_decoration_v2/14_lady_led_sign_texture","1":"elitecreatures:casino_decoration_v2/19_led_sign_texture","particle":"elitecreatures:casino_decoration_v2/14_lady_led_sign_texture"},"elements":[{"from":[-3,-1,8],"to":[16.5,29.5,8],"faces":{"north":{"uv":[1.75,0.375,6.625,8],"texture":"#1"},"east":{"uv":[0,0,0,8],"texture":"#1"},"south":{"uv":[6.625,0.375,1.75,8],"texture":"#1"},"west":{"uv":[0,0,0,8],"texture":"#1"},"up":{"uv":[8,0,0,0],"texture":"#1"},"down":{"uv":[8,0,0,0],"texture":"#1"}}},{"from":[1,-16,6],"to":[15,-1,10],"faces":{"north":{"uv":[0,8,3.5,11.75],"texture":"#0"},"east":{"uv":[8,3.75,9,7.5],"texture":"#0"},"south":{"uv":[0,8,3.5,11.75],"texture":"#0"},"west":{"uv":[8,3.75,9,7.5],"texture":"#0"},"up":{"uv":[7.875,9,4.375,8],"texture":"#0"},"down":{"uv":[11.5,7.5,8,8.5],"texture":"#0"}}}],"gui_light":"front","display":{"thirdperson_righthand":{"rotation":[67.5,0,0],"translation":[0,2.25,4.25],"scale":[0.28117,0.28117,0.28117]},"thirdperson_lefthand":{"rotation":[67.5,0,0],"translation":[0,2.25,4.25],"scale":[0.28117,0.28117,0.28117]},"firstperson_righthand":{"translation":[1.25,7.25,0],"scale":[0.37813,0.37813,0.37813]},"firstperson_lefthand":{"translation":[1.25,7.25,0],"scale":[0.37813,0.37813,0.37813]},"ground":{"translation":[0,7.5,0],"scale":[0.31797,0.31797,0.31797]},"gui":{"rotation":[30,145,0],"translation":[0,0.75,0],"scale":[0.35148,0.35148,0.35148]},"head":{"rotation":[0,-180,0],"translation":[0,-31.25,0],"scale":[0,0,0]},"fixed":{"rotation":[-90,0,0],"translation":[0,0,-46],"scale":[2,2,2]}}}