{"credit":"MadewithBlockbench","texture_size":[64,64],"textures":{"0":"elitecreatures:casino_decoration_v2/04_doggie_cash_texture","2":"elitecreatures:casino_decoration_v2/05_venezia_slot_texture","particle":"elitecreatures:casino_decoration_v2/04_doggie_cash_texture"},"elements":[{"from":[-0.25,-9,2],"to":[16.25,15,4],"rotation":{"angle":0,"axis":"y","origin":[-0.25,-15,0]},"faces":{"north":{"uv":[0,0,4.125,6],"texture":"#2"},"east":{"uv":[1.25,8.25,1.75,14.25],"texture":"#2"},"south":{"uv":[4,0,8,6],"texture":"#2"},"west":{"uv":[1.75,8.25,1.25,14.25],"texture":"#2"},"up":{"uv":[13.25,7,9.25,6.5],"texture":"#2"},"down":{"uv":[13.25,7,9.25,7.5],"texture":"#2"}}},{"from":[-0.25,15,2],"to":[16.25,24,4],"rotation":{"angle":-22.5,"axis":"x","origin":[7.75,15,4]},"faces":{"north":{"uv":[0,6,4.125,8.25],"texture":"#2"},"east":{"uv":[5.75,8.25,6.25,10.5],"texture":"#2"},"south":{"uv":[4,6,8,8.25],"texture":"#2"},"west":{"uv":[6.25,8.25,5.75,10.5],"texture":"#2"},"up":{"uv":[13.375,8,9.25,7.5],"texture":"#2"},"down":{"uv":[13.25,8,9.25,8.5],"texture":"#2"}}},{"from":[-8,-15,0],"to":[16,-9,16],"rotation":{"angle":0,"axis":"y","origin":[0,-15,0]},"faces":{"north":{"uv":[6.5,5.5,9.5,6.25],"texture":"#0"},"east":{"uv":[8.5,7,6.5,7.75],"texture":"#0"},"south":{"uv":[6.5,6.25,9.5,7],"texture":"#0"},"west":{"uv":[6.5,7,8.5,7.75],"texture":"#0"},"up":{"uv":[8,2,5,0],"texture":"#0"},"down":{"uv":[8,2,5,4],"texture":"#0"}}},{"from":[-8,-9,4],"to":[16,15,16],"rotation":{"angle":0,"axis":"y","origin":[0,-15,0]},"faces":{"north":{"uv":[0,0,3,3],"texture":"#0"},"east":{"uv":[1.5,6,0,9],"texture":"#0"},"south":{"uv":[0,3,3,6],"texture":"#0"},"west":{"uv":[0,6,1.5,9],"texture":"#0"},"up":{"uv":[4.5,8,1.5,6.5],"texture":"#0"},"down":{"uv":[10,3,7,4.5],"texture":"#missing"}}},{"from":[0,-10,-2.5],"to":[16,-9,0],"rotation":{"angle":0,"axis":"y","origin":[0,-15,0]},"faces":{"north":{"uv":[8.5,7.625,10.5,7.75],"texture":"#0"},"east":{"uv":[2.375,6.25,2.6875,6.375],"texture":"#0"},"south":{"uv":[7.125,8.875,9.125,9],"texture":"#missing"},"west":{"uv":[2.375,6.25,2.6875,6.375],"texture":"#0"},"up":{"uv":[10.625,2.9375,8.625,2.625],"texture":"#0"},"down":{"uv":[10.625,3.1875,8.625,2.875],"texture":"#0"}}},{"from":[-7.5,-9,0],"to":[-0.5,4,5],"rotation":{"angle":-22.5,"axis":"x","origin":[4,4,0]},"faces":{"north":{"uv":[8,0,9.75,3.25],"texture":"#2"},"east":{"uv":[8,6.5,9.25,9.75],"texture":"#2"},"south":{"uv":[8,3.25,9.75,6.5],"texture":"#2"},"west":{"uv":[0,8.25,1.25,11.5],"texture":"#2"},"up":{"uv":[4,9.5,2.25,8.25],"texture":"#2"},"down":{"uv":[5.75,8.25,4,9.5],"texture":"#2"}}},{"from":[-7.5,-7,0],"to":[-0.5,-6,4],"rotation":{"angle":0,"axis":"y","origin":[0,-15,0]},"faces":{"north":{"uv":[4.5,9.25,5.375,9.375],"texture":"#0"},"east":{"uv":[4.7875,9.05625,5.2875,9.18125],"texture":"#0"},"south":{"uv":[1.5,6.875,2.375,7],"texture":"#missing"},"west":{"uv":[4.7875,9.05625,5.2875,9.18125],"texture":"#0"},"up":{"uv":[2.375,6.5,1.5,6],"texture":"#0"},"down":{"uv":[3.875,6,3,6.5],"texture":"#0"}}},{"from":[-7.5,7,2],"to":[-0.5,14,4],"rotation":{"angle":0,"axis":"y","origin":[0,-15,0]},"faces":{"north":{"uv":[8,3.125,8.875,4],"texture":"#0"},"east":{"uv":[8,7.75,7.75,8.625],"texture":"#0"},"south":{"uv":[6,3,6.875,3.875],"texture":"#missing"},"west":{"uv":[7.75,7.75,8,8.625],"texture":"#0"},"up":{"uv":[8.875,1.5,8,1.25],"texture":"#0"},"down":{"uv":[8.875,1.5,8,1.25],"texture":"#0"}}}],"gui_light":"front","display":{"thirdperson_righthand":{"rotation":[67.5,0,0],"translation":[0.75,2,1.5],"scale":[0.18,0.18,0.18]},"thirdperson_lefthand":{"rotation":[67.5,0,0],"translation":[0.75,2,1.5],"scale":[0.18,0.18,0.18]},"firstperson_righthand":{"translation":[1.25,7.25,0],"scale":[0.30547,0.30547,0.30547]},"firstperson_lefthand":{"translation":[-0.25,7.25,0],"scale":[0.30547,0.30547,0.30547]},"ground":{"translation":[0,3.75,0],"scale":[0.25054,0.25054,0.25054]},"gui":{"rotation":[30,145,0],"translation":[-1,2.75,0],"scale":[0.37023,0.37023,0.37023]},"head":{"rotation":[0,-180,0],"translation":[0,-31.25,0],"scale":[0,0,0]},"fixed":{"rotation":[-90,0,0],"translation":[0,0,-46],"scale":[2,2,2]}}}