{"credit":"MadewithBlockbench","texture_size":[64,64],"textures":{"0":"elitecreatures:nightclub_furniture_v1/nightclub_fridge_2","particle":"elitecreatures:nightclub_furniture_v1/nightclub_fridge_2"},"elements":[{"from":[0,0,0],"to":[16,16,16],"faces":{"north":{"uv":[4,4,8,8],"texture":"#0"},"east":{"uv":[4,4,8,8],"texture":"#0"},"south":{"uv":[0,8,4,12],"texture":"#0"},"west":{"uv":[4,4,8,8],"texture":"#0"},"up":{"uv":[8,4,4,0],"texture":"#0"},"down":{"uv":[8,0,4,4],"texture":"#0"}}}],"gui_light":"front","display":{"thirdperson_righthand":{"rotation":[67.5,0,0],"translation":[0,1.75,0.5],"scale":[0.22383,0.22383,0.22383]},"thirdperson_lefthand":{"rotation":[67.5,0,0],"translation":[0,1.75,0.5],"scale":[0.22383,0.22383,0.22383]},"firstperson_righthand":{"translation":[0.13,2.7,1.13],"scale":[0.37922,0.37922,0.37922]},"firstperson_lefthand":{"translation":[0.13,2.7,1.13],"scale":[0.37922,0.37922,0.37922]},"ground":{"translation":[0,4.25,0],"scale":[0.4668,0.4668,0.4668]},"gui":{"rotation":[30,45,0],"translation":[0,-0.25,0],"scale":[0.53789,0.53789,0.53789]},"head":{"translation":[0,-30.5,0],"scale":[0,0,0]},"fixed":{"rotation":[-90,180,0],"translation":[0,0,-16],"scale":[2,2,2]}}}