{"credit":"MadewithBlockbench","texture_size":[64,64],"textures":{"0":"elitecreatures:nightclub_furniture_v1/nightclub_pole","particle":"elitecreatures:nightclub_furniture_v1/nightclub_pole"},"elements":[{"from":[5,30,5],"to":[11,32,11],"faces":{"north":{"uv":[0.5,1.5,2,2],"texture":"#0"},"east":{"uv":[0.5,1.5,2,2],"texture":"#0"},"south":{"uv":[0.5,1.5,2,2],"texture":"#0"},"west":{"uv":[0.5,1.5,2,2],"texture":"#0"},"up":{"uv":[2,1.5,0.5,0],"texture":"#0"},"down":{"uv":[2,0,0.5,1.5],"texture":"#0"}}},{"from":[5,-16,5],"to":[11,-14,11],"faces":{"north":{"uv":[0.5,1.5,2,2],"texture":"#0"},"east":{"uv":[0.5,1.5,2,2],"texture":"#0"},"south":{"uv":[0.5,1.5,2,2],"texture":"#0"},"west":{"uv":[0.5,1.5,2,2],"texture":"#0"},"up":{"uv":[2,1.5,0.5,0],"texture":"#0"},"down":{"uv":[2,0,0.5,1.5],"texture":"#0"}}},{"from":[7,-14,7],"to":[9,31,9],"faces":{"north":{"uv":[0,0,0.5,11.25],"texture":"#0"},"east":{"uv":[0,0,0.5,11.25],"texture":"#0"},"south":{"uv":[0,0,0.5,11.25],"texture":"#0"},"west":{"uv":[0,0,0.5,11.25],"texture":"#0"}}}],"gui_light":"front","display":{"thirdperson_righthand":{"rotation":[67.5,0,0],"translation":[0,0.75,1.25],"scale":[0.29023,0.29023,0.29023]},"thirdperson_lefthand":{"rotation":[67.5,0,0],"translation":[0,0.75,1.25],"scale":[0.29023,0.29023,0.29023]},"firstperson_righthand":{"translation":[1.13,2.95,1.13],"scale":[0.40656,0.40656,0.40656]},"firstperson_lefthand":{"translation":[1.13,2.95,1.13],"scale":[0.40656,0.40656,0.40656]},"ground":{"translation":[0,3,0],"scale":[0.25,0.25,0.25]},"gui":{"rotation":[30,225,0],"translation":[0,-0.25,0],"scale":[0.31836,0.31836,0.31836]},"head":{"rotation":[0,180,0],"translation":[0,8.25,0],"scale":[0,0,0]},"fixed":{"rotation":[-90,0,0],"translation":[0,0,-48],"scale":[2,2,2]}}}