{"credit":"MadewithBlockbench","texture_size":[64,64],"textures":{"0":"elitecreatures:nightclub_furniture_v1/nightclub_sign","particle":"elitecreatures:nightclub_furniture_v1/nightclub_sign"},"elements":[{"from":[-7,0.5,15.5],"to":[23,15.5,16.5],"faces":{"north":{"uv":[0,0,7.5,3.75],"texture":"#0"},"east":{"uv":[8.25,0.5,8.5,4.25],"texture":"#0"},"south":{"uv":[0,0,7.5,3.75],"texture":"#0"},"west":{"uv":[8.25,0.5,8.5,4.25],"texture":"#0"},"up":{"uv":[7.5,4,0,3.75],"texture":"#0"},"down":{"uv":[7.5,3.75,0,4],"texture":"#0"}}},{"from":[23,0,15],"to":[24,16,17],"faces":{"north":{"uv":[8,0.5,8.25,4.5],"texture":"#0"},"east":{"uv":[7.5,0,8,4],"texture":"#0"},"south":{"uv":[8,0.5,8.25,4.5],"texture":"#0"},"west":{"uv":[7.5,0,8,4],"texture":"#0"},"up":{"uv":[8.25,0.5,8,0],"texture":"#0"},"down":{"uv":[8.25,0,8,0.5],"texture":"#0"}}},{"from":[-8,0,15],"to":[-7,16,17],"faces":{"north":{"uv":[8,0.5,8.25,4.5],"texture":"#0"},"east":{"uv":[7.5,0,8,4],"texture":"#0"},"south":{"uv":[8,0.5,8.25,4.5],"texture":"#0"},"west":{"uv":[7.5,0,8,4],"texture":"#0"},"up":{"uv":[8.25,0.5,8,0],"texture":"#0"},"down":{"uv":[8.25,0,8,0.5],"texture":"#0"}}}],"gui_light":"front","display":{"thirdperson_righthand":{"rotation":[67.5,0,0],"translation":[0,2.25,0],"scale":[0.23828,0.23828,0.23828]},"thirdperson_lefthand":{"rotation":[67.5,0,0],"translation":[0,2.25,0],"scale":[0.23828,0.23828,0.23828]},"firstperson_righthand":{"translation":[-0.5,3.25,0],"scale":[0.32617,0.32617,0.32617]},"firstperson_lefthand":{"translation":[-0.5,3.25,0],"scale":[0.32617,0.32617,0.32617]},"ground":{"translation":[0,4.25,-1.75],"scale":[0.39453,0.39453,0.39453]},"gui":{"rotation":[30,225,0],"translation":[2.75,-1.75,0],"scale":[0.47594,0.47594,0.47594]},"head":{"translation":[0,13.5,-8.25],"scale":[0,0,0]},"fixed":{"rotation":[0,180,0],"translation":[-16,0,14],"scale":[2,2,2]}}}