{"credit":"MadewithBlockbench","texture_size":[128,128],"textures":{"0":"elitecreatures:coffee_shop_furniture_v1/coffeeshop_texture_01","particle":"elitecreatures:coffee_shop_furniture_v1/coffeeshop_texture_01"},"elements":[{"from":[4.77479,1,2.72639],"to":[7.77479,2,5.72639],"rotation":{"angle":-45,"axis":"y","origin":[4.49279,1.125,5.93341]},"faces":{"north":{"uv":[3.5,5.5625,3.875,5.6875],"rotation":180,"texture":"#0"},"east":{"uv":[3.5,5.5625,3.875,5.6875],"rotation":180,"texture":"#0"},"south":{"uv":[3.5,5.5625,3.875,5.6875],"rotation":180,"texture":"#0"},"west":{"uv":[3.5,5.5625,3.875,5.6875],"rotation":180,"texture":"#0"},"up":{"uv":[3.125,5.6875,3.5,6.0625],"texture":"#0"},"down":{"uv":[3.125,5.6875,3.5,6.0625],"texture":"#0"}}},{"from":[2,1,2.5],"to":[5,2,5.5],"rotation":{"angle":-22.5,"axis":"y","origin":[4.49279,1.125,5.93341]},"faces":{"north":{"uv":[3.5,5.5625,3.875,5.6875],"rotation":180,"texture":"#0"},"east":{"uv":[3.5,5.5625,3.875,5.6875],"rotation":180,"texture":"#0"},"south":{"uv":[3.5,5.5625,3.875,5.6875],"rotation":180,"texture":"#0"},"west":{"uv":[3.5,5.5625,3.875,5.6875],"rotation":180,"texture":"#0"},"up":{"uv":[3.125,6.0625,3.5,6.4375],"texture":"#0"},"down":{"uv":[3.125,5.6875,3.5,6.0625],"texture":"#0"}}},{"from":[8.6,1,9.9],"to":[11.6,2,12.9],"rotation":{"angle":22.5,"axis":"y","origin":[9,1.5,11.4]},"faces":{"north":{"uv":[3.625,5.1875,4,5.3125],"rotation":180,"texture":"#0"},"east":{"uv":[3.5,5.1875,3.625,5.5625],"rotation":90,"texture":"#0"},"south":{"uv":[3.625,5.1875,4,5.3125],"rotation":180,"texture":"#0"},"west":{"uv":[3.5,5.5625,3.625,5.1875],"rotation":90,"texture":"#0"},"up":{"uv":[3.875,4.8125,4.25,5.1875],"texture":"#0"},"down":{"uv":[3.875,4.8125,4.25,5.1875],"texture":"#0"}}},{"from":[9.5,1,6.2],"to":[12.5,2,9.2],"rotation":{"angle":-45,"axis":"y","origin":[10,1.5,8.4]},"faces":{"north":{"uv":[3.625,5.1875,4,5.3125],"rotation":180,"texture":"#0"},"east":{"uv":[3.5,5.1875,3.625,5.5625],"rotation":90,"texture":"#0"},"south":{"uv":[3.625,5.1875,4,5.3125],"rotation":180,"texture":"#0"},"west":{"uv":[3.5,5.5625,3.625,5.1875],"rotation":90,"texture":"#0"},"up":{"uv":[3.875,4.8125,4.25,5.1875],"texture":"#0"},"down":{"uv":[3.875,4.8125,4.25,5.1875],"texture":"#0"}}},{"from":[10.5,2,8.6],"to":[13.5,3,11.6],"rotation":{"angle":22.5,"axis":"y","origin":[12,2.5,10.7]},"faces":{"north":{"uv":[4.25,4.6875,3.875,4.8125],"texture":"#0"},"east":{"uv":[3.3125,5.25,3.4375,4.875],"rotation":90,"texture":"#0"},"south":{"uv":[4.25,4.6875,3.875,4.8125],"rotation":180,"texture":"#0"},"west":{"uv":[3.3125,5.25,3.4375,4.875],"rotation":270,"texture":"#0"},"up":{"uv":[3.875,4.6875,4.25,4.3125],"texture":"#0"},"down":{"uv":[4.25,4.6875,3.875,4.3125],"rotation":180,"texture":"#0"}}},{"from":[12,1,9.7],"to":[15,2,12.7],"rotation":{"angle":0,"axis":"y","origin":[12.5,2.5,5.7]},"faces":{"north":{"uv":[4.25,4.6875,3.875,4.8125],"texture":"#0"},"east":{"uv":[3.3125,5.25,3.4375,4.875],"rotation":90,"texture":"#0"},"south":{"uv":[4.25,4.6875,3.875,4.8125],"rotation":180,"texture":"#0"},"west":{"uv":[3.3125,5.25,3.4375,4.875],"rotation":270,"texture":"#0"},"up":{"uv":[3.875,4.6875,4.25,4.3125],"texture":"#0"},"down":{"uv":[4.25,4.6875,3.875,4.3125],"rotation":180,"texture":"#0"}}},{"from":[2.90408,1,6.25545],"to":[5.90408,3,9.25545],"rotation":{"angle":-45,"axis":"y","origin":[4.49279,1.125,5.93341]},"faces":{"north":{"uv":[4.625,4.8125,4.25,5.0625],"texture":"#0"},"east":{"uv":[4.625,4.8125,4.25,5.0625],"texture":"#0"},"south":{"uv":[4.625,4.8125,4.25,5.0625],"texture":"#0"},"west":{"uv":[4.625,4.8125,4.25,5.0625],"texture":"#0"},"up":{"uv":[4.625,4.4375,4.25,4.8125],"rotation":90,"texture":"#0"},"down":{"uv":[4.625,4.4375,4.25,4.8125],"rotation":270,"texture":"#0"}}},{"from":[4.57968,1,6.86682],"to":[6.57968,2.5,8.86682],"rotation":{"angle":-22.5,"axis":"y","origin":[4.49279,1.125,5.93341]},"faces":{"north":{"uv":[4,5.1875,4.25,5.375],"texture":"#0"},"east":{"uv":[3.625,5.3125,3.875,5.5],"texture":"#0"},"south":{"uv":[4.25,5.1875,4,5.375],"texture":"#0"},"west":{"uv":[3.625,5.3125,3.875,5.5],"texture":"#0"},"up":{"uv":[4.5,5.3125,4.25,5.0625],"rotation":90,"texture":"#0"},"down":{"uv":[4.5,5.3125,4.25,5.0625],"rotation":270,"texture":"#0"}}},{"from":[1.49148,1,3.6826],"to":[3.49148,2.5,5.6826],"rotation":{"angle":22.5,"axis":"y","origin":[4.49279,1.125,5.93341]},"faces":{"north":{"uv":[3.875,5.3125,3.625,5.5],"texture":"#0"},"east":{"uv":[4.25,5.1875,4,5.375],"texture":"#0"},"south":{"uv":[3.875,5.3125,3.625,5.5],"texture":"#0"},"west":{"uv":[4,5.1875,4.25,5.375],"texture":"#0"},"up":{"uv":[4.25,5.3125,4.5,5.0625],"texture":"#0"},"down":{"uv":[4.25,5.3125,4.5,5.0625],"texture":"#0"}}},{"from":[8.5,0,7.2],"to":[14.5,0.5,13.2],"rotation":{"angle":0,"axis":"y","origin":[9.5,1.5,10.7]},"faces":{"north":{"uv":[8.8125,9.1875,9.5625,9.25],"texture":"#0"},"east":{"uv":[8.8125,9.1875,9.5625,9.25],"texture":"#0"},"south":{"uv":[8.8125,9.1875,9.5625,9.25],"texture":"#0"},"west":{"uv":[8.8125,9.1875,9.5625,9.25],"texture":"#0"},"up":{"uv":[8.8125,9.25,9.5625,10],"texture":"#0"},"down":{"uv":[8.8125,9.25,9.5625,10],"texture":"#0"}}},{"from":[8,0.3,6.7],"to":[15,1,13.7],"rotation":{"angle":0,"axis":"y","origin":[9.5,1.5,10.7]},"faces":{"north":{"uv":[5,8.4375,5.875,8.525],"texture":"#0"},"east":{"uv":[5,8.4375,5.875,8.525],"texture":"#0"},"south":{"uv":[5,8.4375,5.875,8.525],"texture":"#0"},"west":{"uv":[5,8.4375,5.875,8.525],"texture":"#0"},"up":{"uv":[5,8.5625,5.875,9.4375],"texture":"#0"},"down":{"uv":[5,8.5625,5.875,9.4375],"texture":"#0"}}},{"from":[1.2,0.3,2.5],"to":[8.2,1,9.5],"rotation":{"angle":-22.5,"axis":"y","origin":[4.49279,1.125,5.93341]},"faces":{"north":{"uv":[5,8.4375,5.875,8.525],"texture":"#0"},"east":{"uv":[5,8.4375,5.875,8.525],"texture":"#0"},"south":{"uv":[5,8.4375,5.875,8.525],"texture":"#0"},"west":{"uv":[5,8.4375,5.875,8.525],"texture":"#0"},"up":{"uv":[5,8.5625,5.875,9.4375],"texture":"#0"},"down":{"uv":[5,8.5625,5.875,9.4375],"texture":"#0"}}},{"from":[1.7,0,3],"to":[7.7,0.5,9],"rotation":{"angle":-22.5,"axis":"y","origin":[4.49279,1.125,5.93341]},"faces":{"north":{"uv":[8.8125,9.1875,9.5625,9.25],"texture":"#0"},"east":{"uv":[8.8125,9.1875,9.5625,9.25],"texture":"#0"},"south":{"uv":[8.8125,9.1875,9.5625,9.25],"texture":"#0"},"west":{"uv":[8.8125,9.1875,9.5625,9.25],"texture":"#0"},"up":{"uv":[8.8125,9.25,9.5625,10],"texture":"#0"},"down":{"uv":[8.8125,9.25,9.5625,10],"texture":"#0"}}}],"gui_light":"front","display":{"thirdperson_righthand":{"rotation":[67.5,0,0],"translation":[0,2.5,2],"scale":[0.375,0.375,0.375]},"thirdperson_lefthand":{"rotation":[67.5,0,0],"translation":[0,2.5,2],"scale":[0.375,0.375,0.375]},"firstperson_righthand":{"rotation":[0,45,0],"translation":[1.5,5,0],"scale":[0.55234,0.55234,0.55234]},"firstperson_lefthand":{"rotation":[0,-45,0],"translation":[1.5,5,0],"scale":[0.55234,0.55234,0.55234]},"ground":{"translation":[0,6,0],"scale":[0.9,0.9,0.9]},"gui":{"rotation":[30,135,0],"translation":[0.25,7,0],"scale":[1.15039,1.15039,1.15039]},"head":{"rotation":[0,180,0],"translation":[0,-30.4,0],"scale":[1.6,1.6,1.6]},"fixed":{"rotation":[-90,0,0],"translation":[0,0,-16],"scale":[2,2,2]}}}