{"credit":"MadewithBlockbench","texture_size":[128,128],"textures":{"0":"elitecreatures:coffee_shop_furniture_v1/coffeeshop_texture_01","particle":"elitecreatures:coffee_shop_furniture_v1/coffeeshop_texture_01"},"elements":[{"from":[3,12,3],"to":[13,14,13],"faces":{"north":{"uv":[3.125,7.6875,4.375,7.9375],"texture":"#0"},"east":{"uv":[3.125,7.9375,4.375,8.1875],"texture":"#0"},"south":{"uv":[3.125,7.6875,4.375,7.9375],"texture":"#0"},"west":{"uv":[3.125,7.9375,4.375,8.1875],"texture":"#0"},"up":{"uv":[4.375,7.6875,3.125,6.4375],"texture":"#0"},"down":{"uv":[4.375,7.6875,3.125,6.4375],"texture":"#0"}}},{"from":[4,0,10.5],"to":[5.5,13,12],"rotation":{"angle":-45,"axis":"y","origin":[4.75,6.5,11.25]},"faces":{"north":{"uv":[4.625,4.9375,4.8125,6.5625],"texture":"#0"},"east":{"uv":[4.625,4.9375,4.8125,6.5625],"texture":"#0"},"south":{"uv":[4.625,4.9375,4.8125,6.5625],"texture":"#0"},"west":{"uv":[4.625,4.9375,4.8125,6.5625],"texture":"#0"},"up":{"uv":[3.1875,2.875,3,2.6875],"texture":"#0"},"down":{"uv":[3.1875,2.875,3,2.6875],"texture":"#0"}}},{"from":[10.5,0,10.5],"to":[12,13,12],"rotation":{"angle":45,"axis":"y","origin":[11.25,6.5,11.25]},"faces":{"north":{"uv":[4.8125,4.9375,4.625,6.5625],"texture":"#0"},"east":{"uv":[4.8125,4.9375,4.625,6.5625],"texture":"#0"},"south":{"uv":[4.8125,4.9375,4.625,6.5625],"texture":"#0"},"west":{"uv":[4.8125,4.9375,4.625,6.5625],"texture":"#0"},"up":{"uv":[3,2.875,3.1875,2.6875],"texture":"#0"},"down":{"uv":[3,2.875,3.1875,2.6875],"texture":"#0"}}},{"from":[10.5,0,4],"to":[12,13,5.5],"rotation":{"angle":-45,"axis":"y","origin":[11.25,6.5,4.75]},"faces":{"north":{"uv":[4.625,4.9375,4.8125,6.5625],"texture":"#0"},"east":{"uv":[4.625,4.9375,4.8125,6.5625],"texture":"#0"},"south":{"uv":[4.625,4.9375,4.8125,6.5625],"texture":"#0"},"west":{"uv":[4.625,4.9375,4.8125,6.5625],"texture":"#0"},"up":{"uv":[3,2.6875,3.1875,2.875],"texture":"#0"},"down":{"uv":[3,2.6875,3.1875,2.875],"texture":"#0"}}},{"from":[4,0,4],"to":[5.5,13,5.5],"rotation":{"angle":45,"axis":"y","origin":[4.75,6.5,4.75]},"faces":{"north":{"uv":[4.8125,4.9375,4.625,6.5625],"texture":"#0"},"east":{"uv":[4.8125,4.9375,4.625,6.5625],"texture":"#0"},"south":{"uv":[4.8125,4.9375,4.625,6.5625],"texture":"#0"},"west":{"uv":[4.8125,4.9375,4.625,6.5625],"texture":"#0"},"up":{"uv":[3.1875,2.6875,3,2.875],"texture":"#0"},"down":{"uv":[3.1875,2.6875,3,2.875],"texture":"#0"}}},{"from":[3.5,4.2,3.5],"to":[12.5,4.2,12.5],"faces":{"north":{"uv":[4.6875,3.6875,5.6875,3.8125],"texture":"#0"},"east":{"uv":[4.6875,3.6875,5.6875,3.8125],"texture":"#0"},"south":{"uv":[4.6875,3.6875,5.6875,3.8125],"texture":"#0"},"west":{"uv":[4.6875,3.6875,5.6875,3.8125],"texture":"#0"},"up":{"uv":[4.6875,3.8125,5.8125,4.9375],"texture":"#0"},"down":{"uv":[4.6875,3.8125,5.8125,4.9375],"texture":"#0"}}},{"from":[3.5,4.4,3.5],"to":[12.5,4.4,12.5],"faces":{"north":{"uv":[4.6875,3.6875,5.6875,3.8125],"texture":"#0"},"east":{"uv":[4.6875,3.6875,5.6875,3.8125],"texture":"#0"},"south":{"uv":[4.6875,3.6875,5.6875,3.8125],"texture":"#0"},"west":{"uv":[4.6875,3.6875,5.6875,3.8125],"texture":"#0"},"up":{"uv":[4.6875,3.8125,5.8125,4.9375],"texture":"#0"},"down":{"uv":[4.6875,3.8125,5.8125,4.9375],"texture":"#0"}}}],"gui_light":"front","display":{"thirdperson_righthand":{"rotation":[67.5,0,0],"translation":[0,1.25,0],"scale":[0.27734,0.27734,0.27734]},"thirdperson_lefthand":{"rotation":[67.5,0,0],"translation":[0,1.25,0],"scale":[0.27734,0.27734,0.27734]},"firstperson_righthand":{"rotation":[0,45,0],"translation":[3,3.25,0],"scale":[0.4293,0.4293,0.4293]},"firstperson_lefthand":{"rotation":[0,45,0],"translation":[3,3.25,0],"scale":[0.4293,0.4293,0.4293]},"ground":{"translation":[0,6,0],"scale":[0.6,0.6,0.6]},"gui":{"rotation":[30,135,0],"translation":[0,0.25,0],"scale":[0.72461,0.72461,0.72461]},"head":{"rotation":[0,180,0],"translation":[0,-30.4,0],"scale":[1.6,1.6,1.6]},"fixed":{"rotation":[-90,0,0],"translation":[0,0,-16],"scale":[2,2,2]}}}