{"credit":"MadewithBlockbench","texture_size":[128,128],"textures":{"0":"elitecreatures:coffee_shop_furniture_v1/coffeeshop_texture_01","particle":"elitecreatures:coffee_shop_furniture_v1/coffeeshop_texture_01"},"elements":[{"from":[0,8,10],"to":[16,10,16],"rotation":{"angle":0,"axis":"y","origin":[0,0,-1]},"faces":{"north":{"uv":[12.125,1.75,14.125,2],"texture":"#0"},"east":{"uv":[15.125,2,15.875,2.25],"texture":"#0"},"south":{"uv":[12.125,1.75,14.125,2],"texture":"#0"},"west":{"uv":[15.75,2,15.125,2.25],"texture":"#0"},"up":{"uv":[10.3125,12.1875,12.3125,12.9375],"texture":"#0"},"down":{"uv":[10.3125,12.1875,12.3125,12.9375],"texture":"#0"}}},{"from":[13,1.5,11.75],"to":[16,5,15.25],"rotation":{"angle":22.5,"axis":"z","origin":[9.5,1.5,10]},"faces":{"north":{"uv":[6.75,4.125,7.1875,4.5],"rotation":270,"texture":"#0"},"east":{"uv":[6.25,4.125,6.6875,4.5625],"rotation":90,"texture":"#0"},"south":{"uv":[6.75,4.125,7.1875,4.5],"rotation":90,"texture":"#0"},"west":{"uv":[6.25,4.125,6.6875,4.625],"rotation":90,"texture":"#0"},"up":{"uv":[6.75,4.125,7.25,4.5],"rotation":90,"texture":"#0"},"down":{"uv":[6.75,4.125,7.25,4.5],"rotation":90,"texture":"#0"}}},{"from":[9.5,10.3,10.5],"to":[14.5,11,15.5],"rotation":{"angle":0,"axis":"y","origin":[9.5,1.5,10]},"faces":{"north":{"uv":[7,6,7.625,6.0875],"texture":"#0"},"east":{"uv":[7,6,7.625,6.0875],"texture":"#0"},"south":{"uv":[7,6,7.625,6.0875],"texture":"#0"},"west":{"uv":[7,6,7.625,6.0875],"texture":"#0"},"up":{"uv":[7,5.375,7.625,6],"texture":"#0"},"down":{"uv":[7,5.375,7.625,6],"texture":"#0"}}},{"from":[10,10,11],"to":[14,10.5,15],"rotation":{"angle":0,"axis":"y","origin":[9.5,1.5,10]},"faces":{"north":{"uv":[7,5.3125,7.5,5.375],"texture":"#0"},"east":{"uv":[7,5.3125,7.5,5.375],"texture":"#0"},"south":{"uv":[7,5.3125,7.5,5.375],"texture":"#0"},"west":{"uv":[7,5.3125,7.5,5.375],"texture":"#0"},"up":{"uv":[6.5,4.875,7,5.375],"texture":"#0"},"down":{"uv":[6.5,4.875,7,5.375],"texture":"#0"}}},{"from":[9.5,11.3,10.5],"to":[14.5,12,15.5],"rotation":{"angle":0,"axis":"y","origin":[9.5,1.5,10]},"faces":{"north":{"uv":[7,6,7.625,6.0875],"texture":"#0"},"east":{"uv":[7,6,7.625,6.0875],"texture":"#0"},"south":{"uv":[7,6,7.625,6.0875],"texture":"#0"},"west":{"uv":[7,6,7.625,6.0875],"texture":"#0"},"up":{"uv":[7,5.375,7.625,6],"texture":"#0"},"down":{"uv":[7,5.375,7.625,6],"texture":"#0"}}},{"from":[10,11,11],"to":[14,11.5,15],"rotation":{"angle":0,"axis":"y","origin":[9.5,1.5,10]},"faces":{"north":{"uv":[7,5.3125,7.5,5.375],"texture":"#0"},"east":{"uv":[7,5.3125,7.5,5.375],"texture":"#0"},"south":{"uv":[7,5.3125,7.5,5.375],"texture":"#0"},"west":{"uv":[7,5.3125,7.5,5.375],"texture":"#0"},"up":{"uv":[6.5,4.875,7,5.375],"texture":"#0"},"down":{"uv":[6.5,4.875,7,5.375],"texture":"#0"}}},{"from":[9.5,12.3,10.5],"to":[14.5,13,15.5],"rotation":{"angle":0,"axis":"y","origin":[9.5,1.5,10]},"faces":{"north":{"uv":[7,6,7.625,6.0875],"texture":"#0"},"east":{"uv":[7,6,7.625,6.0875],"texture":"#0"},"south":{"uv":[7,6,7.625,6.0875],"texture":"#0"},"west":{"uv":[7,6,7.625,6.0875],"texture":"#0"},"up":{"uv":[7,5.375,7.625,6],"texture":"#0"},"down":{"uv":[7,5.375,7.625,6],"texture":"#0"}}},{"from":[10,12,11],"to":[14,12.5,15],"rotation":{"angle":0,"axis":"y","origin":[9.5,1.5,10]},"faces":{"north":{"uv":[7,5.3125,7.5,5.375],"texture":"#0"},"east":{"uv":[7,5.3125,7.5,5.375],"texture":"#0"},"south":{"uv":[7,5.3125,7.5,5.375],"texture":"#0"},"west":{"uv":[7,5.3125,7.5,5.375],"texture":"#0"},"up":{"uv":[6.5,4.875,7,5.375],"texture":"#0"},"down":{"uv":[6.5,4.875,7,5.375],"texture":"#0"}}},{"from":[9.5,13.3,10.5],"to":[14.5,14,15.5],"rotation":{"angle":0,"axis":"y","origin":[9.5,1.5,10]},"faces":{"north":{"uv":[7,6,7.625,6.0875],"texture":"#0"},"east":{"uv":[7,6,7.625,6.0875],"texture":"#0"},"south":{"uv":[7,6,7.625,6.0875],"texture":"#0"},"west":{"uv":[7,6,7.625,6.0875],"texture":"#0"},"up":{"uv":[7,5.375,7.625,6],"texture":"#0"},"down":{"uv":[7,5.375,7.625,6],"texture":"#0"}}},{"from":[10,13,11],"to":[14,13.5,15],"rotation":{"angle":0,"axis":"y","origin":[9.5,1.5,10]},"faces":{"north":{"uv":[7,5.3125,7.5,5.375],"texture":"#0"},"east":{"uv":[7,5.3125,7.5,5.375],"texture":"#0"},"south":{"uv":[7,5.3125,7.5,5.375],"texture":"#0"},"west":{"uv":[7,5.3125,7.5,5.375],"texture":"#0"},"up":{"uv":[6.5,4.875,7,5.375],"texture":"#0"},"down":{"uv":[6.5,4.875,7,5.375],"texture":"#0"}}},{"from":[3.5,10.3,10.5],"to":[8.5,11,15.5],"rotation":{"angle":0,"axis":"y","origin":[9.5,1.5,10]},"faces":{"north":{"uv":[7,6,7.625,6.0875],"texture":"#0"},"east":{"uv":[7,6,7.625,6.0875],"texture":"#0"},"south":{"uv":[7,6,7.625,6.0875],"texture":"#0"},"west":{"uv":[7,6,7.625,6.0875],"texture":"#0"},"up":{"uv":[7,5.375,7.625,6],"texture":"#0"},"down":{"uv":[7,5.375,7.625,6],"texture":"#0"}}},{"from":[4,10,11],"to":[8,10.5,15],"rotation":{"angle":0,"axis":"y","origin":[9.5,1.5,10]},"faces":{"north":{"uv":[7,5.3125,7.5,5.375],"texture":"#0"},"east":{"uv":[7,5.3125,7.5,5.375],"texture":"#0"},"south":{"uv":[7,5.3125,7.5,5.375],"texture":"#0"},"west":{"uv":[7,5.3125,7.5,5.375],"texture":"#0"},"up":{"uv":[6.5,4.875,7,5.375],"texture":"#0"},"down":{"uv":[6.5,4.875,7,5.375],"texture":"#0"}}},{"from":[4,11.3,10.5],"to":[9,12,15.5],"rotation":{"angle":0,"axis":"y","origin":[9.5,1.5,10]},"faces":{"north":{"uv":[7,6,7.625,6.0875],"texture":"#0"},"east":{"uv":[7,6,7.625,6.0875],"texture":"#0"},"south":{"uv":[7,6,7.625,6.0875],"texture":"#0"},"west":{"uv":[7,6,7.625,6.0875],"texture":"#0"},"up":{"uv":[7,5.375,7.625,6],"texture":"#0"},"down":{"uv":[7,5.375,7.625,6],"texture":"#0"}}},{"from":[4.5,11,11],"to":[8.5,11.5,15],"rotation":{"angle":0,"axis":"y","origin":[9.5,1.5,10]},"faces":{"north":{"uv":[7,5.3125,7.5,5.375],"texture":"#0"},"east":{"uv":[7,5.3125,7.5,5.375],"texture":"#0"},"south":{"uv":[7,5.3125,7.5,5.375],"texture":"#0"},"west":{"uv":[7,5.3125,7.5,5.375],"texture":"#0"},"up":{"uv":[6.5,4.875,7,5.375],"texture":"#0"},"down":{"uv":[6.5,4.875,7,5.375],"texture":"#0"}}},{"from":[13,5,13.5],"to":[16,7,13.5],"rotation":{"angle":22.5,"axis":"z","origin":[9.5,1.5,10]},"faces":{"north":{"uv":[1.5,4.625,1.75,5],"rotation":270,"texture":"#0"},"east":{"uv":[2.375,4.75,2.625,4.75],"rotation":90,"texture":"#0"},"south":{"uv":[1.75,4.625,1.5,5],"rotation":90,"texture":"#0"},"west":{"uv":[1.5625,4.6875,1.8125,4.6875],"rotation":90,"texture":"#0"},"up":{"uv":[2.375,4.75,2.375,5.125],"rotation":90,"texture":"#0"},"down":{"uv":[2.375,4.75,2.375,5.125],"rotation":90,"texture":"#0"}}},{"from":[12.5,2,12],"to":[13,4.5,15],"rotation":{"angle":22.5,"axis":"z","origin":[9.5,1.5,10]},"faces":{"north":{"uv":[6.375,4.625,6.6875,4.6875],"rotation":270,"texture":"#0"},"east":{"uv":[6.75,4.5,7.0625,4.875],"rotation":90,"texture":"#0"},"south":{"uv":[6.375,4.625,6.6875,4.6875],"rotation":90,"texture":"#0"},"west":{"uv":[6.75,4.5,7.0625,4.875],"rotation":90,"texture":"#0"},"up":{"uv":[6.375,4.625,6.75,4.6875],"rotation":90,"texture":"#0"},"down":{"uv":[6.375,4.625,6.75,4.6875],"rotation":90,"texture":"#0"}}},{"from":[8,5,13.5],"to":[11,7,13.5],"rotation":{"angle":22.5,"axis":"z","origin":[4.5,1.5,10]},"faces":{"north":{"uv":[1.5,4.625,1.75,5],"rotation":270,"texture":"#0"},"east":{"uv":[2.375,4.75,2.625,4.75],"rotation":90,"texture":"#0"},"south":{"uv":[1.75,4.625,1.5,5],"rotation":90,"texture":"#0"},"west":{"uv":[1.5625,4.6875,1.8125,4.6875],"rotation":90,"texture":"#0"},"up":{"uv":[2.375,4.75,2.375,5.125],"rotation":90,"texture":"#0"},"down":{"uv":[2.375,4.75,2.375,5.125],"rotation":90,"texture":"#0"}}},{"from":[8,1.5,11.75],"to":[11,5,15.25],"rotation":{"angle":22.5,"axis":"z","origin":[4.5,1.5,10]},"faces":{"north":{"uv":[6.75,4.125,7.1875,4.5],"rotation":270,"texture":"#0"},"east":{"uv":[6.25,4.125,6.6875,4.5625],"rotation":90,"texture":"#0"},"south":{"uv":[6.75,4.125,7.1875,4.5],"rotation":90,"texture":"#0"},"west":{"uv":[6.25,4.125,6.6875,4.625],"rotation":90,"texture":"#0"},"up":{"uv":[6.75,4.125,7.25,4.5],"rotation":90,"texture":"#0"},"down":{"uv":[6.75,4.125,7.25,4.5],"rotation":90,"texture":"#0"}}},{"from":[7.5,2,12],"to":[8,4.5,15],"rotation":{"angle":22.5,"axis":"z","origin":[4.5,1.5,10]},"faces":{"north":{"uv":[6.375,4.625,6.6875,4.6875],"rotation":270,"texture":"#0"},"east":{"uv":[6.75,4.5,7.0625,4.875],"rotation":90,"texture":"#0"},"south":{"uv":[6.375,4.625,6.6875,4.6875],"rotation":90,"texture":"#0"},"west":{"uv":[6.75,4.5,7.0625,4.875],"rotation":90,"texture":"#0"},"up":{"uv":[6.375,4.625,6.75,4.6875],"rotation":90,"texture":"#0"},"down":{"uv":[6.375,4.625,6.75,4.6875],"rotation":90,"texture":"#0"}}},{"from":[3,5,13.5],"to":[6,7,13.5],"rotation":{"angle":22.5,"axis":"z","origin":[-0.5,1.5,10]},"faces":{"north":{"uv":[1.5,4.625,1.75,5],"rotation":270,"texture":"#0"},"east":{"uv":[2.375,4.75,2.625,4.75],"rotation":90,"texture":"#0"},"south":{"uv":[1.75,4.625,1.5,5],"rotation":90,"texture":"#0"},"west":{"uv":[1.5625,4.6875,1.8125,4.6875],"rotation":90,"texture":"#0"},"up":{"uv":[2.375,4.75,2.375,5.125],"rotation":90,"texture":"#0"},"down":{"uv":[2.375,4.75,2.375,5.125],"rotation":90,"texture":"#0"}}},{"from":[3,1.5,11.75],"to":[6,5,15.25],"rotation":{"angle":22.5,"axis":"z","origin":[-0.5,1.5,10]},"faces":{"north":{"uv":[6.75,4.125,7.1875,4.5],"rotation":270,"texture":"#0"},"east":{"uv":[6.25,4.125,6.6875,4.5625],"rotation":90,"texture":"#0"},"south":{"uv":[6.75,4.125,7.1875,4.5],"rotation":90,"texture":"#0"},"west":{"uv":[6.25,4.125,6.6875,4.625],"rotation":90,"texture":"#0"},"up":{"uv":[6.75,4.125,7.25,4.5],"rotation":90,"texture":"#0"},"down":{"uv":[6.75,4.125,7.25,4.5],"rotation":90,"texture":"#0"}}},{"from":[2.5,2,12],"to":[3,4.5,15],"rotation":{"angle":22.5,"axis":"z","origin":[-0.5,1.5,10]},"faces":{"north":{"uv":[6.375,4.625,6.6875,4.6875],"rotation":270,"texture":"#0"},"east":{"uv":[6.75,4.5,7.0625,4.875],"rotation":90,"texture":"#0"},"south":{"uv":[6.375,4.625,6.6875,4.6875],"rotation":90,"texture":"#0"},"west":{"uv":[6.75,4.5,7.0625,4.875],"rotation":90,"texture":"#0"},"up":{"uv":[6.375,4.625,6.75,4.6875],"rotation":90,"texture":"#0"},"down":{"uv":[6.375,4.625,6.75,4.6875],"rotation":90,"texture":"#0"}}}],"gui_light":"front","display":{"thirdperson_righthand":{"rotation":[67.5,0,0],"translation":[0,2,-0.5],"scale":[0.30273,0.30273,0.30273]},"thirdperson_lefthand":{"rotation":[67.5,0,0],"translation":[0,2,-0.5],"scale":[0.30273,0.30273,0.30273]},"firstperson_righthand":{"translation":[-0.5,3.5,0],"scale":[0.4,0.4,0.4]},"firstperson_lefthand":{"translation":[-0.5,3.5,0],"scale":[0.4,0.4,0.4]},"ground":{"translation":[-0.75,4.5,-3],"scale":[0.55,0.55,0.55]},"gui":{"rotation":[30,135,0],"translation":[-2.75,-2,0],"scale":[0.76563,0.76563,0.76563]},"head":{"rotation":[0,180,0],"translation":[0,-30.4,0],"scale":[1.6,1.6,1.6]},"fixed":{"translation":[0,0,-16],"scale":[2,2,2]}}}