{"credit":"MadewithBlockbench","texture_size":[128,128],"textures":{"0":"elitecreatures:coffee_shop_furniture_v1/coffeeshop_texture_01","particle":"elitecreatures:coffee_shop_furniture_v1/coffeeshop_texture_01"},"elements":[{"from":[-15,2,8],"to":[15,4,15],"rotation":{"angle":0,"axis":"y","origin":[0,0,-1]},"faces":{"north":{"uv":[12.125,1.75,15.875,2],"texture":"#0"},"east":{"uv":[16,2,15.125,2.25],"texture":"#0"},"south":{"uv":[12.125,1.75,15.875,2],"texture":"#0"},"west":{"uv":[15.125,2,16,2.25],"texture":"#0"},"up":{"uv":[8.5625,11.3125,12.3125,12.1875],"texture":"#0"},"down":{"uv":[8.5625,11.3125,12.3125,12.1875],"texture":"#0"}}},{"from":[-15,12,8],"to":[15,14,15],"rotation":{"angle":0,"axis":"y","origin":[0,0,-1]},"faces":{"north":{"uv":[12.125,1.75,15.875,2],"texture":"#0"},"east":{"uv":[16,2,15.125,2.25],"texture":"#0"},"south":{"uv":[12.125,1.75,15.875,2],"texture":"#0"},"west":{"uv":[15.125,2,16,2.25],"texture":"#0"},"up":{"uv":[8.5625,11.3125,12.3125,12.1875],"texture":"#0"},"down":{"uv":[8.5625,12.1875,12.3125,11.3125],"texture":"#0"}}},{"from":[-15,22,8],"to":[15,24,15],"rotation":{"angle":0,"axis":"y","origin":[0,0,-1]},"faces":{"north":{"uv":[12.125,1.75,15.875,2],"texture":"#0"},"east":{"uv":[16,2,15.125,2.25],"texture":"#0"},"south":{"uv":[12.125,1.75,15.875,2],"texture":"#0"},"west":{"uv":[15.125,2,16,2.25],"texture":"#0"},"up":{"uv":[8.5625,11.3125,12.3125,12.1875],"texture":"#0"},"down":{"uv":[8.5625,12.1875,12.3125,11.3125],"texture":"#0"}}},{"from":[-15,2,15],"to":[15,24,16],"rotation":{"angle":0,"axis":"y","origin":[0,0,-1]},"faces":{"north":{"uv":[4.8125,9.4375,8.5625,12.1875],"texture":"#0"},"east":{"uv":[9.75,8.875,9.625,5.625],"texture":"#0"},"south":{"uv":[4.8125,9.4375,8.5625,12.1875],"texture":"#0"},"west":{"uv":[9.625,8.875,9.75,5.625],"texture":"#0"},"up":{"uv":[9,4.125,7,4],"texture":"#0"},"down":{"uv":[7,4,9,4.125],"texture":"#0"}}},{"from":[-9.5,24,11],"to":[-5.5,29,14],"rotation":{"angle":0,"axis":"y","origin":[-5.5,0,-1]},"faces":{"north":{"uv":[8.375,4.625,8.875,5.25],"texture":"#0"},"east":{"uv":[8,4.625,8.375,5.25],"texture":"#0"},"south":{"uv":[8.375,4.625,8.875,5.25],"texture":"#0"},"west":{"uv":[8,4.625,8.375,5.25],"texture":"#0"},"up":{"uv":[8.375,5.0625,8.875,5.4375],"texture":"#0"},"down":{"uv":[8.375,4.625,8.875,5],"texture":"#0"}}},{"from":[-9.5,29,12.5],"to":[-5.5,31,12.5],"rotation":{"angle":0,"axis":"y","origin":[-5.5,0,-1]},"faces":{"north":{"uv":[8.375,5.25,8.875,5.5],"texture":"#0"},"east":{"uv":[7.625,4.5625,7.625,4.8125],"texture":"#0"},"south":{"uv":[8.875,5.25,8.375,5.5],"texture":"#0"},"west":{"uv":[7.625,4.5625,7.625,4.8125],"texture":"#0"},"up":{"uv":[7.625,4.5625,8.125,4.5625],"texture":"#0"},"down":{"uv":[7.625,4.5625,8.125,4.5625],"texture":"#0"}}},{"from":[-9.4,28,11.5],"to":[-5.6,30,13.5],"rotation":{"angle":-45,"axis":"x","origin":[-7.5,29,12.5]},"faces":{"north":{"uv":[9.1375,5.3125,9.6125,5.5625],"texture":"#0"},"east":{"uv":[8.875,5.3125,9.125,5.5625],"texture":"#0"},"south":{"uv":[9.1375,5.3125,9.6125,5.5625],"texture":"#0"},"west":{"uv":[8.875,5.3125,9.125,5.5625],"texture":"#0"},"up":{"uv":[9.1375,5.3125,9.6125,5.5625],"texture":"#0"},"down":{"uv":[9.1375,5.3125,9.6125,5.5625],"texture":"#0"}}},{"from":[-5,29,11.9],"to":[-1,31,11.9],"rotation":{"angle":-22.5,"axis":"y","origin":[-3,28.25,12.5]},"faces":{"north":{"uv":[8.375,5.25,8.875,5.5],"texture":"#0"},"east":{"uv":[7.625,4.5625,7.625,4.8125],"texture":"#0"},"south":{"uv":[8.875,5.25,8.375,5.5],"texture":"#0"},"west":{"uv":[7.625,4.5625,7.625,4.8125],"texture":"#0"},"up":{"uv":[7.625,4.5625,8.125,4.5625],"texture":"#0"},"down":{"uv":[7.625,4.5625,8.125,4.5625],"texture":"#0"}}},{"from":[-4.9,27.78033,11.43033],"to":[-1.1,29.78033,13.43033],"rotation":{"angle":-22.5,"axis":"y","origin":[-3,28.25,12.5]},"faces":{"north":{"uv":[9.1375,5.3125,9.6125,5.5625],"texture":"#0"},"east":{"uv":[8.875,5.3125,9.125,5.5625],"texture":"#0"},"south":{"uv":[9.1375,5.3125,9.6125,5.5625],"texture":"#0"},"west":{"uv":[8.875,5.3125,9.125,5.5625],"texture":"#0"},"up":{"uv":[9.1375,5.3125,9.6125,5.5625],"texture":"#0"},"down":{"uv":[9.1375,5.3125,9.6125,5.5625],"texture":"#0"}}},{"from":[-5,24,10.4],"to":[-1,29,13.4],"rotation":{"angle":-22.5,"axis":"y","origin":[-3,28.25,12.5]},"faces":{"north":{"uv":[8.375,4.625,8.875,5.25],"texture":"#0"},"east":{"uv":[8,4.625,8.375,5.25],"texture":"#0"},"south":{"uv":[8.375,4.625,8.875,5.25],"texture":"#0"},"west":{"uv":[8,4.625,8.375,5.25],"texture":"#0"},"up":{"uv":[8.375,5.0625,8.875,5.4375],"texture":"#0"},"down":{"uv":[8.375,4.625,8.875,5],"texture":"#0"}}},{"from":[-13.9,28,11.5],"to":[-10.1,30,13.5],"rotation":{"angle":-45,"axis":"x","origin":[-12,29,12.5]},"faces":{"north":{"uv":[7.8875,5.375,8.3625,5.625],"texture":"#0"},"east":{"uv":[7.625,5.375,7.875,5.625],"texture":"#0"},"south":{"uv":[7.8875,5.375,8.3625,5.625],"texture":"#0"},"west":{"uv":[7.625,5.375,7.875,5.625],"texture":"#0"},"up":{"uv":[7.8875,5.375,8.3625,5.625],"texture":"#0"},"down":{"uv":[7.8875,5.375,8.3625,5.625],"texture":"#0"}}},{"from":[-14,29,12.5],"to":[-10,31,12.5],"rotation":{"angle":0,"axis":"y","origin":[-10,0,-1]},"faces":{"north":{"uv":[7.5,5.125,8,5.375],"texture":"#0"},"east":{"uv":[7.625,4.5625,7.625,4.8125],"texture":"#0"},"south":{"uv":[8,5.125,7.5,5.375],"texture":"#0"},"west":{"uv":[7.625,4.5625,7.625,4.8125],"texture":"#0"},"up":{"uv":[7.625,4.5625,8.125,4.5625],"texture":"#0"},"down":{"uv":[7.625,4.5625,8.125,4.5625],"texture":"#0"}}},{"from":[-14,24,11],"to":[-10,29,14],"rotation":{"angle":0,"axis":"y","origin":[-10,0,-1]},"faces":{"north":{"uv":[7.5,4.5,8,5.125],"texture":"#0"},"east":{"uv":[7.125,4.5,7.5,5.125],"texture":"#0"},"south":{"uv":[7.5,4.5,8,5.125],"texture":"#0"},"west":{"uv":[7.125,4.5,7.5,5.125],"texture":"#0"},"up":{"uv":[7.5,5,8,5.375],"texture":"#0"},"down":{"uv":[8.375,4.625,8.875,5],"texture":"#0"}}},{"from":[-10.5,4,10],"to":[-6.5,8,14],"rotation":{"angle":0,"axis":"y","origin":[0,0,-1]},"faces":{"north":{"uv":[10.125,4.9375,10.625,5.4375],"texture":"#0"},"east":{"uv":[10.125,4.9375,10.625,5.4375],"texture":"#0"},"south":{"uv":[10.125,4.9375,10.625,5.4375],"texture":"#0"},"west":{"uv":[10.125,4.9375,10.625,5.4375],"texture":"#0"},"up":{"uv":[9.625,4.9375,10.125,5.4375],"texture":"#0"},"down":{"uv":[9.625,4.9375,10.125,5.4375],"texture":"#0"}}},{"from":[-10,9,10.5],"to":[-7,12,13.5],"rotation":{"angle":0,"axis":"y","origin":[0,0,-1]},"faces":{"north":{"uv":[9.25,4.9375,9.625,5.3125],"texture":"#0"},"east":{"uv":[9.25,4.9375,9.625,5.3125],"texture":"#0"},"south":{"uv":[9.25,4.9375,9.625,5.3125],"texture":"#0"},"west":{"uv":[9.25,4.9375,9.625,5.3125],"texture":"#0"},"up":{"uv":[8.875,4.9375,9.25,5.3125],"texture":"#0"},"down":{"uv":[8.875,4.9375,9.25,5.3125],"texture":"#0"}}},{"from":[-10.6,5,9.9],"to":[-6.4,9,14.1],"rotation":{"angle":0,"axis":"y","origin":[0,0,-1]},"faces":{"north":{"uv":[10.125,4.9375,10.625,5.4375],"texture":"#0"},"east":{"uv":[10.125,4.9375,10.625,5.4375],"texture":"#0"},"south":{"uv":[10.125,4.9375,10.625,5.4375],"texture":"#0"},"west":{"uv":[10.125,4.9375,10.625,5.4375],"texture":"#0"},"up":{"uv":[9.625,4.9375,10.125,5.4375],"texture":"#0"},"down":{"uv":[9.625,4.9375,10.125,5.4375],"texture":"#0"}}},{"from":[8,9,11],"to":[11,12,14],"rotation":{"angle":0,"axis":"y","origin":[0,0,-1]},"faces":{"north":{"uv":[9.25,4.9375,9.625,5.3125],"texture":"#0"},"east":{"uv":[9.25,4.9375,9.625,5.3125],"texture":"#0"},"south":{"uv":[9.25,4.9375,9.625,5.3125],"texture":"#0"},"west":{"uv":[9.25,4.9375,9.625,5.3125],"texture":"#0"},"up":{"uv":[8.875,4.9375,9.25,5.3125],"texture":"#0"},"down":{"uv":[8.875,4.9375,9.25,5.3125],"texture":"#0"}}},{"from":[7.4,5,10.4],"to":[11.6,9,14.6],"rotation":{"angle":0,"axis":"y","origin":[0,0,-1]},"faces":{"north":{"uv":[10.125,4.9375,10.625,5.4375],"texture":"#0"},"east":{"uv":[10.125,4.9375,10.625,5.4375],"texture":"#0"},"south":{"uv":[10.125,4.9375,10.625,5.4375],"texture":"#0"},"west":{"uv":[10.125,4.9375,10.625,5.4375],"texture":"#0"},"up":{"uv":[9.625,4.9375,10.125,5.4375],"texture":"#0"},"down":{"uv":[9.625,4.9375,10.125,5.4375],"texture":"#0"}}},{"from":[7.5,4,10.5],"to":[11.5,8,14.5],"rotation":{"angle":0,"axis":"y","origin":[0,0,-1]},"faces":{"north":{"uv":[10.125,4.9375,10.625,5.4375],"texture":"#0"},"east":{"uv":[10.125,4.9375,10.625,5.4375],"texture":"#0"},"south":{"uv":[10.125,4.9375,10.625,5.4375],"texture":"#0"},"west":{"uv":[10.125,4.9375,10.625,5.4375],"texture":"#0"},"up":{"uv":[9.625,4.9375,10.125,5.4375],"texture":"#0"},"down":{"uv":[9.625,4.9375,10.125,5.4375],"texture":"#0"}}},{"from":[-5.5,4,9],"to":[-1.5,8,13],"rotation":{"angle":0,"axis":"y","origin":[0,0,-1]},"faces":{"north":{"uv":[8.5,4.125,9,4.625],"texture":"#0"},"east":{"uv":[8.5,4.125,9,4.625],"texture":"#0"},"south":{"uv":[8.5,4.125,9,4.625],"texture":"#0"},"west":{"uv":[8.5,4.125,9,4.625],"texture":"#0"},"up":{"uv":[8,4.125,8.5,4.625],"texture":"#0"},"down":{"uv":[8,4.125,8.5,4.625],"texture":"#0"}}},{"from":[-5,8,9.5],"to":[-2,11,12.5],"rotation":{"angle":0,"axis":"y","origin":[0,0,-1]},"faces":{"north":{"uv":[7.625,4.125,8,4.5],"texture":"#0"},"east":{"uv":[7.625,4.125,8,4.5],"texture":"#0"},"south":{"uv":[7.625,4.125,8,4.5],"texture":"#0"},"west":{"uv":[7.625,4.125,8,4.5],"texture":"#0"},"up":{"uv":[7.25,4.125,7.625,4.5],"texture":"#0"},"down":{"uv":[7.25,4.125,7.625,4.5],"texture":"#0"}}},{"from":[-6.7,17.7,10.5],"to":[-2.7,19.2,14.5],"rotation":{"angle":0,"axis":"y","origin":[0,0,-1]},"faces":{"north":{"uv":[2.25,8.6875,1.75,8.875],"texture":"#0"},"east":{"uv":[1.75,8.6875,2.25,8.875],"texture":"#0"},"south":{"uv":[1.75,8.6875,2.25,8.875],"texture":"#0"},"west":{"uv":[1.75,8.6875,2.25,8.875],"texture":"#0"},"up":{"uv":[1.75,8.1875,2.25,8.6875],"texture":"#0"},"down":{"uv":[1.75,8.1875,2.25,8.6875],"texture":"#0"}}},{"from":[-6.45,17.4,10.75],"to":[-2.95,17.9,14.25],"rotation":{"angle":0,"axis":"y","origin":[0,0,-1]},"faces":{"north":{"uv":[2.1875,7.9375,2.625,8],"texture":"#0"},"east":{"uv":[2.1875,7.9375,2.625,8],"texture":"#0"},"south":{"uv":[2.1875,7.9375,2.625,8],"texture":"#0"},"west":{"uv":[2.1875,7.9375,2.625,8],"texture":"#0"},"up":{"uv":[2.1875,7.5,2.625,7.9375],"texture":"#0"},"down":{"uv":[2.1875,7.5,2.625,7.9375],"texture":"#0"}}},{"from":[-6.7,14,10.5],"to":[-2.7,17.5,10.5],"rotation":{"angle":0,"axis":"y","origin":[0,0,-1]},"faces":{"north":{"uv":[1.75,7,2.25,7.4375],"texture":"#0"},"east":{"uv":[0,0,0,0.4375],"texture":"#missing"},"south":{"uv":[2.25,7,1.75,7.4375],"texture":"#0"},"west":{"uv":[0,0,0,0.4375],"texture":"#missing"},"up":{"uv":[0,0,0.5,0],"texture":"#missing"},"down":{"uv":[0,0,0.5,0],"texture":"#missing"}}},{"from":[-2.7,14,10.5],"to":[-2.7,17.5,14.5],"rotation":{"angle":0,"axis":"y","origin":[-3.5,15.75,9]},"faces":{"north":{"uv":[0,0,0,0.4375],"texture":"#missing"},"east":{"uv":[1.75,7,2.25,7.4375],"texture":"#0"},"south":{"uv":[0,0,0,0.4375],"texture":"#missing"},"west":{"uv":[2.25,7,1.75,7.4375],"texture":"#0"},"up":{"uv":[0,0,0.5,0],"rotation":90,"texture":"#missing"},"down":{"uv":[0,0,0.5,0],"rotation":270,"texture":"#missing"}}},{"from":[-6.7,14,10.5],"to":[-6.7,17.5,14.5],"rotation":{"angle":0,"axis":"y","origin":[-3.5,15.75,9]},"faces":{"north":{"uv":[0,0,0,0.4375],"texture":"#missing"},"east":{"uv":[1.75,7,2.25,7.4375],"texture":"#0"},"south":{"uv":[0,0,0,0.4375],"texture":"#missing"},"west":{"uv":[2.25,7,1.75,7.4375],"texture":"#0"},"up":{"uv":[0,0,0.5,0],"rotation":90,"texture":"#missing"},"down":{"uv":[0,0,0.5,0],"rotation":270,"texture":"#missing"}}},{"from":[-6.7,14,14.5],"to":[-2.7,17.5,14.5],"rotation":{"angle":0,"axis":"y","origin":[0,0,-1]},"faces":{"north":{"uv":[1.75,7,2.25,7.4375],"texture":"#0"},"east":{"uv":[0,0,0,0.4375],"texture":"#missing"},"south":{"uv":[2.25,7,1.75,7.4375],"texture":"#0"},"west":{"uv":[0,0,0,0.4375],"texture":"#missing"},"up":{"uv":[0,0,0.5,0],"texture":"#missing"},"down":{"uv":[0,0,0.5,0],"texture":"#missing"}}},{"from":[-6.45,14,10.75],"to":[-2.95,16.5,14.25],"rotation":{"angle":0,"axis":"y","origin":[0,0,-1]},"faces":{"north":{"uv":[1.75,7.4375,2.1875,7.75],"texture":"#0"},"east":{"uv":[1.75,7.4375,2.1875,7.75],"texture":"#0"},"south":{"uv":[1.75,7.4375,2.1875,7.75],"texture":"#0"},"west":{"uv":[1.75,7.4375,2.1875,7.75],"texture":"#0"},"up":{"uv":[1.75,7.75,2.1875,8.1875],"texture":"#0"},"down":{"uv":[1.75,7.75,2.1875,8.1875],"texture":"#0"}}},{"from":[-6.5,17.5,10.5],"to":[-2.5,17.5,14.5],"rotation":{"angle":0,"axis":"y","origin":[-3.5,15.75,9]},"faces":{"north":{"uv":[0,0,0.5,0],"rotation":180,"texture":"#0"},"east":{"uv":[0,0,0,0.4375],"rotation":90,"texture":"#missing"},"south":{"uv":[0,0,0.5,0],"texture":"#missing"},"west":{"uv":[0,0,0,0.4375],"rotation":270,"texture":"#missing"},"up":{"uv":[2.25,7,2.75,7.5],"rotation":180,"texture":"#0"},"down":{"uv":[2.75,7.5,2.25,7],"rotation":180,"texture":"#0"}}},{"from":[-11,17.7,9.5],"to":[-7,19.2,13.5],"rotation":{"angle":0,"axis":"y","origin":[0,0,-1]},"faces":{"north":{"uv":[2.25,8.6875,1.75,8.875],"texture":"#0"},"east":{"uv":[1.75,8.6875,2.25,8.875],"texture":"#0"},"south":{"uv":[1.75,8.6875,2.25,8.875],"texture":"#0"},"west":{"uv":[1.75,8.6875,2.25,8.875],"texture":"#0"},"up":{"uv":[1.75,8.1875,2.25,8.6875],"texture":"#0"},"down":{"uv":[1.75,8.1875,2.25,8.6875],"texture":"#0"}}},{"from":[-10.75,17.4,9.75],"to":[-7.25,17.9,13.25],"rotation":{"angle":0,"axis":"y","origin":[0,0,-1]},"faces":{"north":{"uv":[2.1875,7.9375,2.625,8],"texture":"#0"},"east":{"uv":[2.1875,7.9375,2.625,8],"texture":"#0"},"south":{"uv":[2.1875,7.9375,2.625,8],"texture":"#0"},"west":{"uv":[2.1875,7.9375,2.625,8],"texture":"#0"},"up":{"uv":[2.1875,7.5,2.625,7.9375],"texture":"#0"},"down":{"uv":[2.1875,7.5,2.625,7.9375],"texture":"#0"}}},{"from":[-11,14,9.5],"to":[-7,17.5,9.5],"rotation":{"angle":0,"axis":"y","origin":[0,0,-1]},"faces":{"north":{"uv":[1.75,7,2.25,7.4375],"texture":"#0"},"east":{"uv":[0,0,0,0.4375],"texture":"#missing"},"south":{"uv":[2.25,7,1.75,7.4375],"texture":"#0"},"west":{"uv":[0,0,0,0.4375],"texture":"#missing"},"up":{"uv":[0,0,0.5,0],"texture":"#missing"},"down":{"uv":[0,0,0.5,0],"texture":"#missing"}}},{"from":[-7,14,9.5],"to":[-7,17.5,13.5],"rotation":{"angle":0,"axis":"y","origin":[-3.5,15.75,9]},"faces":{"north":{"uv":[0,0,0,0.4375],"texture":"#missing"},"east":{"uv":[1.75,7,2.25,7.4375],"texture":"#0"},"south":{"uv":[0,0,0,0.4375],"texture":"#missing"},"west":{"uv":[2.25,7,1.75,7.4375],"texture":"#0"},"up":{"uv":[0,0,0.5,0],"rotation":90,"texture":"#missing"},"down":{"uv":[0,0,0.5,0],"rotation":270,"texture":"#missing"}}},{"from":[-11,14,9.5],"to":[-11,17.5,13.5],"rotation":{"angle":0,"axis":"y","origin":[-3.5,15.75,9]},"faces":{"north":{"uv":[0,0,0,0.4375],"texture":"#missing"},"east":{"uv":[1.75,7,2.25,7.4375],"texture":"#0"},"south":{"uv":[0,0,0,0.4375],"texture":"#missing"},"west":{"uv":[2.25,7,1.75,7.4375],"texture":"#0"},"up":{"uv":[0,0,0.5,0],"rotation":90,"texture":"#missing"},"down":{"uv":[0,0,0.5,0],"rotation":270,"texture":"#missing"}}},{"from":[-11,14,13.5],"to":[-7,17.5,13.5],"rotation":{"angle":0,"axis":"y","origin":[0,0,-1]},"faces":{"north":{"uv":[1.75,7,2.25,7.4375],"texture":"#0"},"east":{"uv":[0,0,0,0.4375],"texture":"#missing"},"south":{"uv":[2.25,7,1.75,7.4375],"texture":"#0"},"west":{"uv":[0,0,0,0.4375],"texture":"#missing"},"up":{"uv":[0,0,0.5,0],"texture":"#missing"},"down":{"uv":[0,0,0.5,0],"texture":"#missing"}}},{"from":[-10.75,14,9.75],"to":[-7.25,17,13.25],"rotation":{"angle":0,"axis":"y","origin":[0,0,-1]},"faces":{"north":{"uv":[2.625,7.9375,3.0625,8.3125],"texture":"#0"},"east":{"uv":[2.625,7.9375,3.0625,8.3125],"texture":"#0"},"south":{"uv":[2.625,7.9375,3.0625,8.3125],"texture":"#0"},"west":{"uv":[2.625,7.9375,3.0625,8.3125],"texture":"#0"},"up":{"uv":[2.625,7.5,3.0625,7.9375],"texture":"#0"},"down":{"uv":[2.625,7.5,3.0625,7.9375],"texture":"#0"}}},{"from":[-11,17.5,9.5],"to":[-7,17.5,13.5],"rotation":{"angle":0,"axis":"y","origin":[-3.5,15.75,9]},"faces":{"north":{"uv":[0,0,0.5,0],"rotation":180,"texture":"#0"},"east":{"uv":[0,0,0,0.4375],"rotation":90,"texture":"#missing"},"south":{"uv":[0,0,0.5,0],"texture":"#missing"},"west":{"uv":[0,0,0,0.4375],"rotation":270,"texture":"#missing"},"up":{"uv":[2.25,7,2.75,7.5],"rotation":180,"texture":"#0"},"down":{"uv":[2.75,7.5,2.25,7],"rotation":180,"texture":"#0"}}},{"from":[-1.4,17.7,9.5],"to":[2.6,19.2,13.5],"rotation":{"angle":22.5,"axis":"y","origin":[0,16.6,11]},"faces":{"north":{"uv":[2.25,8.6875,1.75,8.875],"texture":"#0"},"east":{"uv":[1.75,8.6875,2.25,8.875],"texture":"#0"},"south":{"uv":[1.75,8.6875,2.25,8.875],"texture":"#0"},"west":{"uv":[1.75,8.6875,2.25,8.875],"texture":"#0"},"up":{"uv":[1.75,8.1875,2.25,8.6875],"texture":"#0"},"down":{"uv":[1.75,8.1875,2.25,8.6875],"texture":"#0"}}},{"from":[-1.15,17.4,9.75],"to":[2.35,17.9,13.25],"rotation":{"angle":22.5,"axis":"y","origin":[0,16.6,11]},"faces":{"north":{"uv":[2.1875,7.9375,2.625,8],"texture":"#0"},"east":{"uv":[2.1875,7.9375,2.625,8],"texture":"#0"},"south":{"uv":[2.1875,7.9375,2.625,8],"texture":"#0"},"west":{"uv":[2.1875,7.9375,2.625,8],"texture":"#0"},"up":{"uv":[2.1875,7.5,2.625,7.9375],"texture":"#0"},"down":{"uv":[2.1875,7.5,2.625,7.9375],"texture":"#0"}}},{"from":[-1.4,14,9.5],"to":[2.6,17.5,9.5],"rotation":{"angle":22.5,"axis":"y","origin":[0,16.6,11]},"faces":{"north":{"uv":[1.75,7,2.25,7.4375],"texture":"#0"},"east":{"uv":[0,0,0,0.4375],"texture":"#missing"},"south":{"uv":[2.25,7,1.75,7.4375],"texture":"#0"},"west":{"uv":[0,0,0,0.4375],"texture":"#missing"},"up":{"uv":[0,0,0.5,0],"texture":"#missing"},"down":{"uv":[0,0,0.5,0],"texture":"#missing"}}},{"from":[2.6,14,9.5],"to":[2.6,17.5,13.5],"rotation":{"angle":22.5,"axis":"y","origin":[0,16.6,11]},"faces":{"north":{"uv":[0,0,0,0.4375],"texture":"#missing"},"east":{"uv":[1.75,7,2.25,7.4375],"texture":"#0"},"south":{"uv":[0,0,0,0.4375],"texture":"#missing"},"west":{"uv":[2.25,7,1.75,7.4375],"texture":"#0"},"up":{"uv":[0,0,0.5,0],"rotation":90,"texture":"#missing"},"down":{"uv":[0,0,0.5,0],"rotation":270,"texture":"#missing"}}},{"from":[-1.4,14,9.5],"to":[-1.4,17.5,13.5],"rotation":{"angle":22.5,"axis":"y","origin":[0,16.6,11]},"faces":{"north":{"uv":[0,0,0,0.4375],"texture":"#missing"},"east":{"uv":[1.75,7,2.25,7.4375],"texture":"#0"},"south":{"uv":[0,0,0,0.4375],"texture":"#missing"},"west":{"uv":[2.25,7,1.75,7.4375],"texture":"#0"},"up":{"uv":[0,0,0.5,0],"rotation":90,"texture":"#missing"},"down":{"uv":[0,0,0.5,0],"rotation":270,"texture":"#missing"}}},{"from":[-1.4,14,13.5],"to":[2.6,17.5,13.5],"rotation":{"angle":22.5,"axis":"y","origin":[0,16.6,11]},"faces":{"north":{"uv":[1.75,7,2.25,7.4375],"texture":"#0"},"east":{"uv":[0,0,0,0.4375],"texture":"#missing"},"south":{"uv":[2.25,7,1.75,7.4375],"texture":"#0"},"west":{"uv":[0,0,0,0.4375],"texture":"#missing"},"up":{"uv":[0,0,0.5,0],"texture":"#missing"},"down":{"uv":[0,0,0.5,0],"texture":"#missing"}}},{"from":[-1.15,14,9.75],"to":[2.35,15.5,13.25],"rotation":{"angle":22.5,"axis":"y","origin":[0,16.6,11]},"faces":{"north":{"uv":[1.75,7.5625,2.1875,7.75],"texture":"#0"},"east":{"uv":[1.75,7.5625,2.1875,7.75],"texture":"#0"},"south":{"uv":[1.75,7.5625,2.1875,7.75],"texture":"#0"},"west":{"uv":[1.75,7.5625,2.1875,7.75],"texture":"#0"},"up":{"uv":[1.75,7.75,2.1875,8.1875],"texture":"#0"},"down":{"uv":[1.75,7.75,2.1875,8.1875],"texture":"#0"}}},{"from":[-1.4,17.5,9.5],"to":[2.6,17.5,13.5],"rotation":{"angle":22.5,"axis":"y","origin":[0,16.6,11]},"faces":{"north":{"uv":[0,0,0.5,0],"rotation":180,"texture":"#0"},"east":{"uv":[0,0,0,0.4375],"rotation":90,"texture":"#missing"},"south":{"uv":[0,0,0.5,0],"texture":"#missing"},"west":{"uv":[0,0,0,0.4375],"rotation":270,"texture":"#missing"},"up":{"uv":[2.25,7,2.75,7.5],"rotation":180,"texture":"#0"},"down":{"uv":[2.75,7.5,2.25,7],"rotation":180,"texture":"#0"}}},{"from":[7,17.7,10],"to":[11,19.2,14],"rotation":{"angle":0,"axis":"y","origin":[0,0,-1]},"faces":{"north":{"uv":[2.25,8.6875,1.75,8.875],"texture":"#0"},"east":{"uv":[1.75,8.6875,2.25,8.875],"texture":"#0"},"south":{"uv":[1.75,8.6875,2.25,8.875],"texture":"#0"},"west":{"uv":[1.75,8.6875,2.25,8.875],"texture":"#0"},"up":{"uv":[1.75,8.1875,2.25,8.6875],"texture":"#0"},"down":{"uv":[1.75,8.1875,2.25,8.6875],"texture":"#0"}}},{"from":[7.25,17.4,10.25],"to":[10.75,17.9,13.75],"rotation":{"angle":0,"axis":"y","origin":[0,0,-1]},"faces":{"north":{"uv":[2.1875,7.9375,2.625,8],"texture":"#0"},"east":{"uv":[2.1875,7.9375,2.625,8],"texture":"#0"},"south":{"uv":[2.1875,7.9375,2.625,8],"texture":"#0"},"west":{"uv":[2.1875,7.9375,2.625,8],"texture":"#0"},"up":{"uv":[2.1875,7.5,2.625,7.9375],"texture":"#0"},"down":{"uv":[2.1875,7.5,2.625,7.9375],"texture":"#0"}}},{"from":[7,14,10],"to":[11,17.5,10],"rotation":{"angle":0,"axis":"y","origin":[0,0,-1]},"faces":{"north":{"uv":[1.75,7,2.25,7.4375],"texture":"#0"},"east":{"uv":[0,0,0,0.4375],"texture":"#missing"},"south":{"uv":[2.25,7,1.75,7.4375],"texture":"#0"},"west":{"uv":[0,0,0,0.4375],"texture":"#missing"},"up":{"uv":[0,0,0.5,0],"texture":"#missing"},"down":{"uv":[0,0,0.5,0],"texture":"#missing"}}},{"from":[11,14,10],"to":[11,17.5,14],"rotation":{"angle":0,"axis":"y","origin":[-3.5,15.75,9]},"faces":{"north":{"uv":[0,0,0,0.4375],"texture":"#missing"},"east":{"uv":[1.75,7,2.25,7.4375],"texture":"#0"},"south":{"uv":[0,0,0,0.4375],"texture":"#missing"},"west":{"uv":[2.25,7,1.75,7.4375],"texture":"#0"},"up":{"uv":[0,0,0.5,0],"rotation":90,"texture":"#missing"},"down":{"uv":[0,0,0.5,0],"rotation":270,"texture":"#missing"}}},{"from":[7,14,10],"to":[7,17.5,14],"rotation":{"angle":0,"axis":"y","origin":[-3.5,15.75,9]},"faces":{"north":{"uv":[0,0,0,0.4375],"texture":"#missing"},"east":{"uv":[1.75,7,2.25,7.4375],"texture":"#0"},"south":{"uv":[0,0,0,0.4375],"texture":"#missing"},"west":{"uv":[2.25,7,1.75,7.4375],"texture":"#0"},"up":{"uv":[0,0,0.5,0],"rotation":90,"texture":"#missing"},"down":{"uv":[0,0,0.5,0],"rotation":270,"texture":"#missing"}}},{"from":[7,14,14],"to":[11,17.5,14],"rotation":{"angle":0,"axis":"y","origin":[0,0,-1]},"faces":{"north":{"uv":[1.75,7,2.25,7.4375],"texture":"#0"},"east":{"uv":[0,0,0,0.4375],"texture":"#missing"},"south":{"uv":[2.25,7,1.75,7.4375],"texture":"#0"},"west":{"uv":[0,0,0,0.4375],"texture":"#missing"},"up":{"uv":[0,0,0.5,0],"texture":"#missing"},"down":{"uv":[0,0,0.5,0],"texture":"#missing"}}},{"from":[7.25,14,10.25],"to":[10.75,16,13.75],"rotation":{"angle":0,"axis":"y","origin":[0,0,-1]},"faces":{"north":{"uv":[2.625,7.9375,3.0625,8.1875],"texture":"#0"},"east":{"uv":[2.625,7.9375,3.0625,8.1875],"texture":"#0"},"south":{"uv":[2.625,7.9375,3.0625,8.1875],"texture":"#0"},"west":{"uv":[2.625,7.9375,3.0625,8.1875],"texture":"#0"},"up":{"uv":[2.625,7.5,3.0625,7.9375],"texture":"#0"},"down":{"uv":[2.625,7.5,3.0625,7.9375],"texture":"#0"}}},{"from":[7,17.5,10],"to":[11,17.5,14],"rotation":{"angle":0,"axis":"y","origin":[-3.5,15.75,9]},"faces":{"north":{"uv":[0,0,0.5,0],"rotation":180,"texture":"#0"},"east":{"uv":[0,0,0,0.4375],"rotation":90,"texture":"#missing"},"south":{"uv":[0,0,0.5,0],"texture":"#missing"},"west":{"uv":[0,0,0,0.4375],"rotation":270,"texture":"#missing"},"up":{"uv":[2.25,7,2.75,7.5],"rotation":180,"texture":"#0"},"down":{"uv":[2.75,7.5,2.25,7],"rotation":180,"texture":"#0"}}},{"from":[3,24.7,12.5],"to":[14,30.7,13.5],"rotation":{"angle":22.5,"axis":"x","origin":[1,26.5,10.5]},"faces":{"north":{"uv":[9.125,14.9375,10.5,15.6875],"texture":"#0"},"east":{"uv":[10.5,14.9375,10.625,15.6875],"texture":"#0"},"south":{"uv":[9.125,14.9375,10.5,15.6875],"texture":"#0"},"west":{"uv":[10.5,14.9375,10.625,15.6875],"texture":"#0"},"up":{"uv":[9.125,14.8125,10.5,14.9375],"texture":"#0"},"down":{"uv":[9.125,14.8125,10.5,14.9375],"texture":"#0"}}},{"from":[12,4,12],"to":[13.5,12,13.5],"rotation":{"angle":0,"axis":"y","origin":[11.25,6.5,4.75]},"faces":{"north":{"uv":[4.625,4.9375,4.8125,5.9375],"texture":"#0"},"east":{"uv":[4.625,4.9375,4.8125,5.9375],"texture":"#0"},"south":{"uv":[4.625,4.9375,4.8125,5.9375],"texture":"#0"},"west":{"uv":[4.625,4.9375,4.8125,5.9375],"texture":"#0"},"up":{"uv":[3,2.6875,3.1875,2.875],"texture":"#0"},"down":{"uv":[3,2.6875,3.1875,2.875],"texture":"#0"}}},{"from":[12,14,12],"to":[13.5,22,13.5],"rotation":{"angle":0,"axis":"y","origin":[11.25,6.5,4.75]},"faces":{"north":{"uv":[4.625,4.9375,4.8125,5.9375],"texture":"#0"},"east":{"uv":[4.625,4.9375,4.8125,5.9375],"texture":"#0"},"south":{"uv":[4.625,4.9375,4.8125,5.9375],"texture":"#0"},"west":{"uv":[4.625,4.9375,4.8125,5.9375],"texture":"#0"},"up":{"uv":[3,2.6875,3.1875,2.875],"texture":"#0"},"down":{"uv":[3,2.6875,3.1875,2.875],"texture":"#0"}}},{"from":[-13.5,14,12],"to":[-12,22,13.5],"rotation":{"angle":0,"axis":"y","origin":[11.25,6.5,4.75]},"faces":{"north":{"uv":[4.625,4.9375,4.8125,5.9375],"texture":"#0"},"east":{"uv":[4.625,4.9375,4.8125,5.9375],"texture":"#0"},"south":{"uv":[4.625,4.9375,4.8125,5.9375],"texture":"#0"},"west":{"uv":[4.625,4.9375,4.8125,5.9375],"texture":"#0"},"up":{"uv":[3,2.6875,3.1875,2.875],"texture":"#0"},"down":{"uv":[3,2.6875,3.1875,2.875],"texture":"#0"}}},{"from":[-13.5,4,12],"to":[-12,12,13.5],"rotation":{"angle":0,"axis":"y","origin":[11.25,6.5,4.75]},"faces":{"north":{"uv":[4.625,4.9375,4.8125,5.9375],"texture":"#0"},"east":{"uv":[4.625,4.9375,4.8125,5.9375],"texture":"#0"},"south":{"uv":[4.625,4.9375,4.8125,5.9375],"texture":"#0"},"west":{"uv":[4.625,4.9375,4.8125,5.9375],"texture":"#0"},"up":{"uv":[3,2.6875,3.1875,2.875],"texture":"#0"},"down":{"uv":[3,2.6875,3.1875,2.875],"texture":"#0"}}}],"gui_light":"front","display":{"thirdperson_righthand":{"rotation":[67.5,0,0],"translation":[2,1.5,-1.25],"scale":[0.23828,0.23828,0.23828]},"thirdperson_lefthand":{"rotation":[67.5,0,0],"translation":[-1.75,1.5,-1.25],"scale":[0.23828,0.23828,0.23828]},"firstperson_righthand":{"translation":[2,1.5,0],"scale":[0.27695,0.27695,0.27695]},"firstperson_lefthand":{"translation":[-2.25,1.5,0],"scale":[0.27695,0.27695,0.27695]},"ground":{"translation":[3.5,6,-1.75],"scale":[0.4,0.4,0.4]},"gui":{"rotation":[30,135,0],"translation":[-3.5,-2,0],"scale":[0.4082,0.4082,0.4082]},"head":{"rotation":[0,180,0],"translation":[0,-30.4,0],"scale":[1.6,1.6,1.6]},"fixed":{"translation":[0,0,-16],"scale":[2,2,2]}}}