{"credit":"MadewithBlockbench","texture_size":[128,128],"textures":{"0":"elitecreatures:coffee_shop_furniture_v1/coffeeshop_texture_01","1":"elitecreatures:coffee_shop_furniture_v1/coffeeshop_texture_02","particle":"elitecreatures:coffee_shop_furniture_v1/coffeeshop_texture_01"},"elements":[{"from":[-12,18,5],"to":[0,20,15],"rotation":{"angle":0,"axis":"y","origin":[0,-4,-1]},"faces":{"north":{"uv":[2.625,2.8125,4.125,3.0625],"texture":"#1"},"east":{"uv":[6.75,0.375,5.5,0.625],"texture":"#1"},"south":{"uv":[2.625,2.8125,4.125,3.0625],"texture":"#1"},"west":{"uv":[6.75,0.375,5.5,0.625],"texture":"#1"},"up":{"uv":[2.625,1.5625,4.125,2.8125],"texture":"#1"},"down":{"uv":[2.625,1.5625,4.125,2.8125],"texture":"#1"}}},{"from":[8,21,5],"to":[15,23,15],"rotation":{"angle":0,"axis":"y","origin":[0,-4,-1]},"faces":{"north":{"uv":[2.625,2.8125,3.5,3.0625],"texture":"#1"},"east":{"uv":[6.75,0.375,5.5,0.625],"texture":"#1"},"south":{"uv":[2.625,2.8125,3.5,3.0625],"texture":"#1"},"west":{"uv":[6.75,0.375,5.5,0.625],"texture":"#1"},"up":{"uv":[3.5,1.5625,2.625,2.8125],"texture":"#1"},"down":{"uv":[3.5,1.5625,2.625,2.8125],"texture":"#1"}}},{"from":[1,21,5],"to":[8,23,15],"rotation":{"angle":0,"axis":"y","origin":[16,-4,-1]},"faces":{"north":{"uv":[3.5,2.8125,2.625,3.0625],"texture":"#1"},"east":{"uv":[5.5,0.375,6.75,0.625],"texture":"#1"},"south":{"uv":[3.5,2.8125,2.625,3.0625],"texture":"#1"},"west":{"uv":[5.5,0.375,6.75,0.625],"texture":"#1"},"up":{"uv":[2.625,1.5625,3.5,2.8125],"texture":"#1"},"down":{"uv":[2.625,1.5625,3.5,2.8125],"texture":"#1"}}},{"from":[-12,8,5],"to":[0,10,15],"rotation":{"angle":0,"axis":"y","origin":[0,-4,-1]},"faces":{"north":{"uv":[2.625,2.8125,4.125,3.0625],"texture":"#1"},"east":{"uv":[6.75,0.375,5.5,0.625],"texture":"#1"},"south":{"uv":[2.625,2.8125,4.125,3.0625],"texture":"#1"},"west":{"uv":[6.75,0.375,5.5,0.625],"texture":"#1"},"up":{"uv":[2.625,1.5625,4.125,2.8125],"texture":"#1"},"down":{"uv":[2.625,1.5625,4.125,2.8125],"texture":"#1"}}},{"from":[16,15,5],"to":[28,17,15],"rotation":{"angle":0,"axis":"y","origin":[0,-4,-1]},"faces":{"north":{"uv":[2.625,2.8125,4.125,3.0625],"texture":"#1"},"east":{"uv":[6.75,0.375,5.5,0.625],"texture":"#1"},"south":{"uv":[2.625,2.8125,4.125,3.0625],"texture":"#1"},"west":{"uv":[6.75,0.375,5.5,0.625],"texture":"#1"},"up":{"uv":[2.625,1.5625,4.125,2.8125],"texture":"#1"},"down":{"uv":[2.625,1.5625,4.125,2.8125],"texture":"#1"}}},{"from":[16,8,5],"to":[28,10,15],"rotation":{"angle":0,"axis":"y","origin":[0,-4,-1]},"faces":{"north":{"uv":[2.625,2.8125,4.125,3.0625],"texture":"#1"},"east":{"uv":[6.75,0.375,5.5,0.625],"texture":"#1"},"south":{"uv":[2.625,2.8125,4.125,3.0625],"texture":"#1"},"west":{"uv":[6.75,0.375,5.5,0.625],"texture":"#1"},"up":{"uv":[2.625,1.5625,4.125,2.8125],"texture":"#1"},"down":{"uv":[2.625,1.5625,4.125,2.8125],"texture":"#1"}}},{"from":[-13,9,15],"to":[1,30,16],"rotation":{"angle":0,"axis":"y","origin":[0,0,-1]},"faces":{"north":{"uv":[0,4,1.75,6.625],"texture":"#1"},"east":{"uv":[1.75,6.625,1.875,4],"texture":"#1"},"south":{"uv":[0,4,1.75,6.625],"texture":"#1"},"west":{"uv":[1.75,6.625,1.875,4],"texture":"#1"},"up":{"uv":[1.75,6.75,0,6.625],"texture":"#1"},"down":{"uv":[1.75,6.75,0,6.625],"texture":"#1"}}},{"from":[-13,28,5],"to":[29,30,15],"rotation":{"angle":0,"axis":"y","origin":[0,-4,-1]},"faces":{"north":{"uv":[0,1.25,5.25,1.5],"texture":"#1"},"east":{"uv":[6.75,0,5.5,0.25],"texture":"#1"},"south":{"uv":[0,1.25,5.25,1.5],"texture":"#1"},"west":{"uv":[5.5,0,6.75,0.25],"texture":"#1"},"up":{"uv":[0.125,0,5.375,1.25],"texture":"#1"},"down":{"uv":[0,0,5.25,1.25],"texture":"#1"}}},{"from":[25.5,4,6],"to":[26,6.5,9],"rotation":{"angle":22.5,"axis":"z","origin":[27.5,1.5,9]},"faces":{"north":{"uv":[6.375,4.625,6.6875,4.6875],"rotation":270,"texture":"#0"},"east":{"uv":[6.75,4.5,7.0625,4.875],"rotation":90,"texture":"#0"},"south":{"uv":[6.375,4.625,6.6875,4.6875],"rotation":90,"texture":"#0"},"west":{"uv":[6.75,4.5,7.0625,4.875],"rotation":90,"texture":"#0"},"up":{"uv":[6.375,4.625,6.75,4.6875],"rotation":90,"texture":"#0"},"down":{"uv":[6.375,4.625,6.75,4.6875],"rotation":90,"texture":"#0"}}},{"from":[26,3.5,5.75],"to":[29,7,9.25],"rotation":{"angle":22.5,"axis":"z","origin":[27.5,1.5,9]},"faces":{"north":{"uv":[6.75,4.125,7.1875,4.5],"rotation":270,"texture":"#0"},"east":{"uv":[6.25,4.125,6.6875,4.5625],"rotation":90,"texture":"#0"},"south":{"uv":[6.75,4.125,7.1875,4.5],"rotation":90,"texture":"#0"},"west":{"uv":[6.25,4.125,6.6875,4.625],"rotation":90,"texture":"#0"},"up":{"uv":[6.75,4.125,7.25,4.5],"rotation":90,"texture":"#0"},"down":{"uv":[6.75,4.125,7.25,4.5],"rotation":90,"texture":"#0"}}},{"from":[26,7,7.5],"to":[29,9,7.5],"rotation":{"angle":22.5,"axis":"z","origin":[27.5,1.5,9]},"faces":{"north":{"uv":[1.5,4.625,1.75,5],"rotation":270,"texture":"#0"},"east":{"uv":[2.375,4.75,2.625,4.75],"rotation":90,"texture":"#0"},"south":{"uv":[1.75,4.625,1.5,5],"rotation":90,"texture":"#0"},"west":{"uv":[1.5625,4.6875,1.8125,4.6875],"rotation":90,"texture":"#0"},"up":{"uv":[2.375,4.75,2.375,5.125],"rotation":90,"texture":"#0"},"down":{"uv":[2.375,4.75,2.375,5.125],"rotation":90,"texture":"#0"}}},{"from":[22,7,7.5],"to":[25,9,7.5],"rotation":{"angle":22.5,"axis":"z","origin":[23.5,1.5,9]},"faces":{"north":{"uv":[1.5,4.625,1.75,5],"rotation":270,"texture":"#0"},"east":{"uv":[2.375,4.75,2.625,4.75],"rotation":90,"texture":"#0"},"south":{"uv":[1.75,4.625,1.5,5],"rotation":90,"texture":"#0"},"west":{"uv":[1.5625,4.6875,1.8125,4.6875],"rotation":90,"texture":"#0"},"up":{"uv":[2.375,4.75,2.375,5.125],"rotation":90,"texture":"#0"},"down":{"uv":[2.375,4.75,2.375,5.125],"rotation":90,"texture":"#0"}}},{"from":[22,3.5,5.75],"to":[25,7,9.25],"rotation":{"angle":22.5,"axis":"z","origin":[23.5,1.5,9]},"faces":{"north":{"uv":[6.75,4.125,7.1875,4.5],"rotation":270,"texture":"#0"},"east":{"uv":[6.25,4.125,6.6875,4.5625],"rotation":90,"texture":"#0"},"south":{"uv":[6.75,4.125,7.1875,4.5],"rotation":90,"texture":"#0"},"west":{"uv":[6.25,4.125,6.6875,4.625],"rotation":90,"texture":"#0"},"up":{"uv":[6.75,4.125,7.25,4.5],"rotation":90,"texture":"#0"},"down":{"uv":[6.75,4.125,7.25,4.5],"rotation":90,"texture":"#0"}}},{"from":[21.5,4,6],"to":[22,6.5,9],"rotation":{"angle":22.5,"axis":"z","origin":[23.5,1.5,9]},"faces":{"north":{"uv":[6.375,4.625,6.6875,4.6875],"rotation":270,"texture":"#0"},"east":{"uv":[6.75,4.5,7.0625,4.875],"rotation":90,"texture":"#0"},"south":{"uv":[6.375,4.625,6.6875,4.6875],"rotation":90,"texture":"#0"},"west":{"uv":[6.75,4.5,7.0625,4.875],"rotation":90,"texture":"#0"},"up":{"uv":[6.375,4.625,6.75,4.6875],"rotation":90,"texture":"#0"},"down":{"uv":[6.375,4.625,6.75,4.6875],"rotation":90,"texture":"#0"}}},{"from":[18,7,7.5],"to":[21,9,7.5],"rotation":{"angle":22.5,"axis":"z","origin":[19.5,1.5,9]},"faces":{"north":{"uv":[1.5,4.625,1.75,5],"rotation":270,"texture":"#0"},"east":{"uv":[2.375,4.75,2.625,4.75],"rotation":90,"texture":"#0"},"south":{"uv":[1.75,4.625,1.5,5],"rotation":90,"texture":"#0"},"west":{"uv":[1.5625,4.6875,1.8125,4.6875],"rotation":90,"texture":"#0"},"up":{"uv":[2.375,4.75,2.375,5.125],"rotation":90,"texture":"#0"},"down":{"uv":[2.375,4.75,2.375,5.125],"rotation":90,"texture":"#0"}}},{"from":[18,3.5,5.75],"to":[21,7,9.25],"rotation":{"angle":22.5,"axis":"z","origin":[19.5,1.5,9]},"faces":{"north":{"uv":[6.75,4.125,7.1875,4.5],"rotation":270,"texture":"#0"},"east":{"uv":[6.25,4.125,6.6875,4.5625],"rotation":90,"texture":"#0"},"south":{"uv":[6.75,4.125,7.1875,4.5],"rotation":90,"texture":"#0"},"west":{"uv":[6.25,4.125,6.6875,4.625],"rotation":90,"texture":"#0"},"up":{"uv":[6.75,4.125,7.25,4.5],"rotation":90,"texture":"#0"},"down":{"uv":[6.75,4.125,7.25,4.5],"rotation":90,"texture":"#0"}}},{"from":[17.5,4,6],"to":[18,6.5,9],"rotation":{"angle":22.5,"axis":"z","origin":[19.5,1.5,9]},"faces":{"north":{"uv":[6.375,4.625,6.6875,4.6875],"rotation":270,"texture":"#0"},"east":{"uv":[6.75,4.5,7.0625,4.875],"rotation":90,"texture":"#0"},"south":{"uv":[6.375,4.625,6.6875,4.6875],"rotation":90,"texture":"#0"},"west":{"uv":[6.75,4.5,7.0625,4.875],"rotation":90,"texture":"#0"},"up":{"uv":[6.375,4.625,6.75,4.6875],"rotation":90,"texture":"#0"},"down":{"uv":[6.375,4.625,6.75,4.6875],"rotation":90,"texture":"#0"}}},{"from":[-13,8,5],"to":[-12,28,15],"rotation":{"angle":0,"axis":"y","origin":[16,6.5,15.5]},"faces":{"north":{"uv":[0.125,4,0,1.5],"texture":"#1"},"east":{"uv":[2.625,1.5,1.375,4],"texture":"#1"},"south":{"uv":[0.125,4,0,1.5],"texture":"#1"},"west":{"uv":[0.125,1.5,1.375,4],"texture":"#1"},"up":{"uv":[6.75,0.25,5.5,0.375],"rotation":90,"texture":"#1"},"down":{"uv":[6.75,0.25,5.5,0.375],"rotation":90,"texture":"#1"}}},{"from":[15,9,15],"to":[29,30,16],"rotation":{"angle":0,"axis":"y","origin":[16,0,-1]},"faces":{"north":{"uv":[1.75,4,0,6.625],"texture":"#1"},"east":{"uv":[1.875,6.625,1.75,4],"texture":"#1"},"south":{"uv":[1.75,4,0,6.625],"texture":"#1"},"west":{"uv":[1.875,6.625,1.75,4],"texture":"#1"},"up":{"uv":[0,6.75,1.75,6.625],"texture":"#1"},"down":{"uv":[0,6.75,1.75,6.625],"texture":"#1"}}},{"from":[15,8,5],"to":[16,28,15],"rotation":{"angle":0,"axis":"y","origin":[0,6.5,15.5]},"faces":{"north":{"uv":[0,4,0.125,1.5],"texture":"#1"},"east":{"uv":[1.375,1.5,2.625,4],"texture":"#1"},"south":{"uv":[0,4,0.125,1.5],"texture":"#1"},"west":{"uv":[1.375,1.5,0.125,4],"texture":"#1"},"up":{"uv":[6.75,0.375,5.5,0.25],"rotation":90,"texture":"#1"},"down":{"uv":[6.75,0.375,5.5,0.25],"rotation":90,"texture":"#1"}}},{"from":[0,8,5],"to":[1,28,15],"rotation":{"angle":0,"axis":"y","origin":[16,6.5,15.5]},"faces":{"north":{"uv":[0.125,4,0,1.5],"texture":"#1"},"east":{"uv":[0.125,1.5,1.375,4],"texture":"#1"},"south":{"uv":[0.125,4,0,1.5],"texture":"#1"},"west":{"uv":[2.625,1.5,1.375,4],"texture":"#1"},"up":{"uv":[6.75,0.25,5.5,0.375],"rotation":90,"texture":"#1"},"down":{"uv":[6.75,0.25,5.5,0.375],"rotation":90,"texture":"#1"}}},{"from":[28,8,5],"to":[29,28,15],"rotation":{"angle":0,"axis":"y","origin":[0,6.5,15.5]},"faces":{"north":{"uv":[0,4,0.125,1.5],"texture":"#1"},"east":{"uv":[0.125,1.5,1.375,4],"texture":"#1"},"south":{"uv":[0,4,0.125,1.5],"texture":"#1"},"west":{"uv":[1.375,1.5,2.625,4],"texture":"#1"},"up":{"uv":[6.75,0.375,5.5,0.25],"rotation":90,"texture":"#1"},"down":{"uv":[6.75,0.375,5.5,0.25],"rotation":90,"texture":"#1"}}},{"from":[1,3,4],"to":[15,23,5],"faces":{"north":{"uv":[1.875,4,3.625,6.5],"texture":"#1"},"east":{"uv":[3.625,6.5,3.75,4],"texture":"#1"},"south":{"uv":[1.875,4,3.625,6.5],"texture":"#1"},"west":{"uv":[3.75,6.5,3.625,4],"texture":"#1"},"up":{"uv":[1.875,6.5,3.625,6.625],"texture":"#1"},"down":{"uv":[3.625,6.625,1.875,6.5],"texture":"#1"}}},{"from":[-5.5,10,10],"to":[-1.5,14,14],"rotation":{"angle":0,"axis":"y","origin":[0,0,-1]},"faces":{"north":{"uv":[8.5,4.125,9,4.625],"texture":"#0"},"east":{"uv":[8.5,4.125,9,4.625],"texture":"#0"},"south":{"uv":[8.5,4.125,9,4.625],"texture":"#0"},"west":{"uv":[8.5,4.125,9,4.625],"texture":"#0"},"up":{"uv":[8,4.125,8.5,4.625],"texture":"#0"},"down":{"uv":[8,4.125,8.5,4.625],"texture":"#0"}}},{"from":[-5.6,11,9.9],"to":[-1.4,15,14.1],"rotation":{"angle":0,"axis":"y","origin":[0,0,-1]},"faces":{"north":{"uv":[8.5,4.125,9,4.625],"texture":"#0"},"east":{"uv":[8.5,4.125,9,4.625],"texture":"#0"},"south":{"uv":[8.5,4.125,9,4.625],"texture":"#0"},"west":{"uv":[8.5,4.125,9,4.625],"texture":"#0"},"up":{"uv":[8,4.125,8.5,4.625],"texture":"#0"},"down":{"uv":[8,4.125,8.5,4.625],"texture":"#0"}}},{"from":[-5,15,10.5],"to":[-2,18,13.5],"rotation":{"angle":0,"axis":"y","origin":[0,0,-1]},"faces":{"north":{"uv":[7.625,4.125,8,4.5],"texture":"#0"},"east":{"uv":[7.625,4.125,8,4.5],"texture":"#0"},"south":{"uv":[7.625,4.125,8,4.5],"texture":"#0"},"west":{"uv":[7.625,4.125,8,4.5],"texture":"#0"},"up":{"uv":[7.25,4.125,7.625,4.5],"texture":"#0"},"down":{"uv":[7.25,4.125,7.625,4.5],"texture":"#0"}}},{"from":[-7.5,10,6],"to":[-3.5,14,10],"rotation":{"angle":0,"axis":"y","origin":[0,0,-1]},"faces":{"north":{"uv":[8.5,4.125,9,4.625],"texture":"#0"},"east":{"uv":[8.5,4.125,9,4.625],"texture":"#0"},"south":{"uv":[8.5,4.125,9,4.625],"texture":"#0"},"west":{"uv":[8.5,4.125,9,4.625],"texture":"#0"},"up":{"uv":[8,4.125,8.5,4.625],"texture":"#0"},"down":{"uv":[8,4.125,8.5,4.625],"texture":"#0"}}},{"from":[-7,14,6.5],"to":[-4,17,9.5],"rotation":{"angle":0,"axis":"y","origin":[0,0,-1]},"faces":{"north":{"uv":[7.625,4.125,8,4.5],"texture":"#0"},"east":{"uv":[7.625,4.125,8,4.5],"texture":"#0"},"south":{"uv":[7.625,4.125,8,4.5],"texture":"#0"},"west":{"uv":[7.625,4.125,8,4.5],"texture":"#0"},"up":{"uv":[7.25,4.125,7.625,4.5],"texture":"#0"},"down":{"uv":[7.25,4.125,7.625,4.5],"texture":"#0"}}},{"from":[-10.5,10,11],"to":[-6.5,14,15],"rotation":{"angle":0,"axis":"y","origin":[0,0,-1]},"faces":{"north":{"uv":[10.125,4.9375,10.625,5.4375],"texture":"#0"},"east":{"uv":[10.125,4.9375,10.625,5.4375],"texture":"#0"},"south":{"uv":[10.125,4.9375,10.625,5.4375],"texture":"#0"},"west":{"uv":[10.125,4.9375,10.625,5.4375],"texture":"#0"},"up":{"uv":[9.625,4.9375,10.125,5.4375],"texture":"#0"},"down":{"uv":[9.625,4.9375,10.125,5.4375],"texture":"#0"}}},{"from":[-10.6,11,10.9],"to":[-6.4,15,15.1],"rotation":{"angle":0,"axis":"y","origin":[0,0,-1]},"faces":{"north":{"uv":[10.125,4.9375,10.625,5.4375],"texture":"#0"},"east":{"uv":[10.125,4.9375,10.625,5.4375],"texture":"#0"},"south":{"uv":[10.125,4.9375,10.625,5.4375],"texture":"#0"},"west":{"uv":[10.125,4.9375,10.625,5.4375],"texture":"#0"},"up":{"uv":[9.625,4.9375,10.125,5.4375],"texture":"#0"},"down":{"uv":[9.625,4.9375,10.125,5.4375],"texture":"#0"}}},{"from":[-10,15,11.5],"to":[-7,18,14.5],"rotation":{"angle":0,"axis":"y","origin":[0,0,-1]},"faces":{"north":{"uv":[9.25,4.9375,9.625,5.3125],"texture":"#0"},"east":{"uv":[9.25,4.9375,9.625,5.3125],"texture":"#0"},"south":{"uv":[9.25,4.9375,9.625,5.3125],"texture":"#0"},"west":{"uv":[9.25,4.9375,9.625,5.3125],"texture":"#0"},"up":{"uv":[8.875,4.9375,9.25,5.3125],"texture":"#0"},"down":{"uv":[8.875,4.9375,9.25,5.3125],"texture":"#0"}}},{"from":[-8,25,9],"to":[-4,27,9],"rotation":{"angle":0,"axis":"y","origin":[-4,-4,-4.5]},"faces":{"north":{"uv":[14.6875,0.75,15.1875,1],"texture":"#1"},"east":{"uv":[13.3125,0,13.3125,0.25],"texture":"#1"},"south":{"uv":[14.6875,1,15.1875,1.25],"texture":"#1"},"west":{"uv":[13.3125,0,13.3125,0.25],"texture":"#1"},"up":{"uv":[13.8125,0,13.3125,0],"texture":"#1"},"down":{"uv":[13.8125,0,13.3125,0],"texture":"#1"}}},{"from":[-7.9,24,8],"to":[-4.1,26,10],"rotation":{"angle":-45,"axis":"x","origin":[-6,25,9]},"faces":{"north":{"uv":[14.0625,1.625,14.5375,1.875],"texture":"#1"},"east":{"uv":[15.1875,0.75,15.4375,1],"texture":"#1"},"south":{"uv":[14.5625,1.625,15.0375,1.875],"texture":"#1"},"west":{"uv":[14.3125,1.875,14.5625,2.125],"texture":"#1"},"up":{"uv":[15.5375,1.5,15.0625,1.25],"texture":"#1"},"down":{"uv":[15.5375,1.5,15.0625,1.75],"texture":"#1"}}},{"from":[-8,20,7.5],"to":[-4,25,10.5],"rotation":{"angle":0,"axis":"y","origin":[-4,-4,-4.5]},"faces":{"north":{"uv":[13.3125,0,13.8125,0.625],"texture":"#1"},"east":{"uv":[14.3125,0,14.6875,0.625],"texture":"#1"},"south":{"uv":[13.8125,0,14.3125,0.625],"texture":"#1"},"west":{"uv":[14.3125,0.625,14.6875,1.25],"texture":"#1"},"up":{"uv":[14.5625,1.625,14.0625,1.25],"texture":"#1"},"down":{"uv":[15.0625,1.25,14.5625,1.625],"texture":"#1"}}},{"from":[-4,25,7.5],"to":[0,27,7.5],"rotation":{"angle":0,"axis":"y","origin":[0,-4,-6]},"faces":{"north":{"uv":[14.6875,0.75,15.1875,1],"texture":"#1"},"east":{"uv":[13.3125,0,13.3125,0.25],"texture":"#1"},"south":{"uv":[14.6875,1,15.1875,1.25],"texture":"#1"},"west":{"uv":[13.3125,0,13.3125,0.25],"texture":"#1"},"up":{"uv":[13.8125,0,13.3125,0],"texture":"#1"},"down":{"uv":[13.8125,0,13.3125,0],"texture":"#1"}}},{"from":[-3.9,24,6.5],"to":[-0.1,26,8.5],"rotation":{"angle":-45,"axis":"x","origin":[-2,25,7.5]},"faces":{"north":{"uv":[14.0625,1.625,14.5375,1.875],"texture":"#1"},"east":{"uv":[15.1875,0.75,15.4375,1],"texture":"#1"},"south":{"uv":[14.5625,1.625,15.0375,1.875],"texture":"#1"},"west":{"uv":[14.3125,1.875,14.5625,2.125],"texture":"#1"},"up":{"uv":[15.5375,1.5,15.0625,1.25],"texture":"#1"},"down":{"uv":[15.5375,1.5,15.0625,1.75],"texture":"#1"}}},{"from":[-4,20,6],"to":[0,25,9],"rotation":{"angle":0,"axis":"y","origin":[0,-4,-6]},"faces":{"north":{"uv":[13.3125,0,13.8125,0.625],"texture":"#1"},"east":{"uv":[14.3125,0,14.6875,0.625],"texture":"#1"},"south":{"uv":[13.8125,0,14.3125,0.625],"texture":"#1"},"west":{"uv":[14.3125,0.625,14.6875,1.25],"texture":"#1"},"up":{"uv":[14.5625,1.625,14.0625,1.25],"texture":"#1"},"down":{"uv":[15.0625,1.25,14.5625,1.625],"texture":"#1"}}},{"from":[-12,25,8],"to":[-8,27,8],"rotation":{"angle":0,"axis":"y","origin":[-8,-4,-5.5]},"faces":{"north":{"uv":[15.0625,1.75,15.5625,2],"texture":"#1"},"east":{"uv":[13.3125,0,13.3125,0.25],"texture":"#1"},"south":{"uv":[13.3125,1.875,13.8125,2.125],"texture":"#1"},"west":{"uv":[13.3125,0,13.3125,0.25],"texture":"#1"},"up":{"uv":[13.8125,0,13.3125,0],"texture":"#1"},"down":{"uv":[13.8125,0,13.3125,0],"texture":"#1"}}},{"from":[-11.9,24,7],"to":[-8.1,26,9],"rotation":{"angle":-45,"axis":"x","origin":[-10,25,8]},"faces":{"north":{"uv":[15.1875,0,15.6625,0.25],"texture":"#1"},"east":{"uv":[15.1875,1,15.4375,1.25],"texture":"#1"},"south":{"uv":[15.1875,0.25,15.6625,0.5],"texture":"#1"},"west":{"uv":[14.5625,1.875,14.8125,2.125],"texture":"#1"},"up":{"uv":[14.2875,2.125,13.8125,1.875],"texture":"#1"},"down":{"uv":[15.6625,0.5,15.1875,0.75],"texture":"#1"}}},{"from":[-12,20,6.5],"to":[-8,25,9.5],"rotation":{"angle":0,"axis":"y","origin":[-8,-4,-5.5]},"faces":{"north":{"uv":[13.3125,0.625,13.8125,1.25],"texture":"#1"},"east":{"uv":[13.3125,1.25,13.6875,1.875],"texture":"#1"},"south":{"uv":[13.8125,0.625,14.3125,1.25],"texture":"#1"},"west":{"uv":[13.6875,1.25,14.0625,1.875],"texture":"#1"},"up":{"uv":[15.1875,0.375,14.6875,0],"texture":"#1"},"down":{"uv":[15.1875,0.375,14.6875,0.75],"texture":"#1"}}},{"from":[22.3,13.7,7.5],"to":[26.3,15.2,11.5],"rotation":{"angle":22.5,"axis":"y","origin":[23.3,12.85,8.5]},"faces":{"north":{"uv":[2.25,8.6875,1.75,8.875],"texture":"#0"},"east":{"uv":[1.75,8.6875,2.25,8.875],"texture":"#0"},"south":{"uv":[1.75,8.6875,2.25,8.875],"texture":"#0"},"west":{"uv":[1.75,8.6875,2.25,8.875],"texture":"#0"},"up":{"uv":[1.75,8.1875,2.25,8.6875],"texture":"#0"},"down":{"uv":[1.75,8.1875,2.25,8.6875],"texture":"#0"}}},{"from":[22.55,13.4,7.75],"to":[26.05,13.9,11.25],"rotation":{"angle":22.5,"axis":"y","origin":[23.3,12.85,8.5]},"faces":{"north":{"uv":[2.1875,7.9375,2.625,8],"texture":"#0"},"east":{"uv":[2.1875,7.9375,2.625,8],"texture":"#0"},"south":{"uv":[2.1875,7.9375,2.625,8],"texture":"#0"},"west":{"uv":[2.1875,7.9375,2.625,8],"texture":"#0"},"up":{"uv":[2.1875,7.5,2.625,7.9375],"texture":"#0"},"down":{"uv":[2.1875,7.5,2.625,7.9375],"texture":"#0"}}},{"from":[22.3,10,7.5],"to":[26.3,13.5,7.5],"rotation":{"angle":22.5,"axis":"y","origin":[23.3,12.85,8.5]},"faces":{"north":{"uv":[1.75,7,2.25,7.4375],"texture":"#0"},"east":{"uv":[0,0,0,0.4375],"texture":"#missing"},"south":{"uv":[2.25,7,1.75,7.4375],"texture":"#0"},"west":{"uv":[0,0,0,0.4375],"texture":"#missing"},"up":{"uv":[0,0,0.5,0],"texture":"#missing"},"down":{"uv":[0,0,0.5,0],"texture":"#missing"}}},{"from":[26.3,10,7.5],"to":[26.3,13.5,11.5],"rotation":{"angle":22.5,"axis":"y","origin":[23.3,12.85,8.5]},"faces":{"north":{"uv":[0,0,0,0.4375],"texture":"#missing"},"east":{"uv":[1.75,7,2.25,7.4375],"texture":"#0"},"south":{"uv":[0,0,0,0.4375],"texture":"#missing"},"west":{"uv":[2.25,7,1.75,7.4375],"texture":"#0"},"up":{"uv":[0,0,0.5,0],"rotation":90,"texture":"#missing"},"down":{"uv":[0,0,0.5,0],"rotation":270,"texture":"#missing"}}},{"from":[22.3,10,7.5],"to":[22.3,13.5,11.5],"rotation":{"angle":22.5,"axis":"y","origin":[23.3,12.85,8.5]},"faces":{"north":{"uv":[0,0,0,0.4375],"texture":"#missing"},"east":{"uv":[1.75,7,2.25,7.4375],"texture":"#0"},"south":{"uv":[0,0,0,0.4375],"texture":"#missing"},"west":{"uv":[2.25,7,1.75,7.4375],"texture":"#0"},"up":{"uv":[0,0,0.5,0],"rotation":90,"texture":"#missing"},"down":{"uv":[0,0,0.5,0],"rotation":270,"texture":"#missing"}}},{"from":[22.3,10,11.5],"to":[26.3,13.5,11.5],"rotation":{"angle":22.5,"axis":"y","origin":[23.3,12.85,8.5]},"faces":{"north":{"uv":[1.75,7,2.25,7.4375],"texture":"#0"},"east":{"uv":[0,0,0,0.4375],"texture":"#missing"},"south":{"uv":[2.25,7,1.75,7.4375],"texture":"#0"},"west":{"uv":[0,0,0,0.4375],"texture":"#missing"},"up":{"uv":[0,0,0.5,0],"texture":"#missing"},"down":{"uv":[0,0,0.5,0],"texture":"#missing"}}},{"from":[22.55,10,7.75],"to":[26.05,12.5,11.25],"rotation":{"angle":22.5,"axis":"y","origin":[23.3,12.85,8.5]},"faces":{"north":{"uv":[1.75,7.4375,2.1875,7.75],"texture":"#0"},"east":{"uv":[1.75,7.4375,2.1875,7.75],"texture":"#0"},"south":{"uv":[1.75,7.4375,2.1875,7.75],"texture":"#0"},"west":{"uv":[1.75,7.4375,2.1875,7.75],"texture":"#0"},"up":{"uv":[1.75,7.75,2.1875,8.1875],"texture":"#0"},"down":{"uv":[1.75,7.75,2.1875,8.1875],"texture":"#0"}}},{"from":[22.3,13.5,7.5],"to":[26.3,13.5,11.5],"rotation":{"angle":22.5,"axis":"y","origin":[23.3,12.85,8.5]},"faces":{"north":{"uv":[0,0,0.5,0],"rotation":180,"texture":"#0"},"east":{"uv":[0,0,0,0.4375],"rotation":90,"texture":"#missing"},"south":{"uv":[0,0,0.5,0],"texture":"#missing"},"west":{"uv":[0,0,0,0.4375],"rotation":270,"texture":"#missing"},"up":{"uv":[2.25,7,2.75,7.5],"rotation":180,"texture":"#0"},"down":{"uv":[2.75,7.5,2.25,7],"rotation":180,"texture":"#0"}}},{"from":[16.5,13.7,6.5],"to":[20.5,15.2,10.5],"rotation":{"angle":0,"axis":"y","origin":[0,0,-1]},"faces":{"north":{"uv":[2.25,8.6875,1.75,8.875],"texture":"#0"},"east":{"uv":[1.75,8.6875,2.25,8.875],"texture":"#0"},"south":{"uv":[1.75,8.6875,2.25,8.875],"texture":"#0"},"west":{"uv":[1.75,8.6875,2.25,8.875],"texture":"#0"},"up":{"uv":[1.75,8.1875,2.25,8.6875],"texture":"#0"},"down":{"uv":[1.75,8.1875,2.25,8.6875],"texture":"#0"}}},{"from":[16.75,13.4,6.75],"to":[20.25,13.9,10.25],"rotation":{"angle":0,"axis":"y","origin":[0,0,-1]},"faces":{"north":{"uv":[2.1875,7.9375,2.625,8],"texture":"#0"},"east":{"uv":[2.1875,7.9375,2.625,8],"texture":"#0"},"south":{"uv":[2.1875,7.9375,2.625,8],"texture":"#0"},"west":{"uv":[2.1875,7.9375,2.625,8],"texture":"#0"},"up":{"uv":[2.1875,7.5,2.625,7.9375],"texture":"#0"},"down":{"uv":[2.1875,7.5,2.625,7.9375],"texture":"#0"}}},{"from":[16.5,10,6.5],"to":[20.5,13.5,6.5],"rotation":{"angle":0,"axis":"y","origin":[0,0,-1]},"faces":{"north":{"uv":[1.75,7,2.25,7.4375],"texture":"#0"},"east":{"uv":[0,0,0,0.4375],"texture":"#missing"},"south":{"uv":[2.25,7,1.75,7.4375],"texture":"#0"},"west":{"uv":[0,0,0,0.4375],"texture":"#missing"},"up":{"uv":[0,0,0.5,0],"texture":"#missing"},"down":{"uv":[0,0,0.5,0],"texture":"#missing"}}},{"from":[20.5,10,6.5],"to":[20.5,13.5,10.5],"rotation":{"angle":0,"axis":"y","origin":[-3.5,15.75,9]},"faces":{"north":{"uv":[0,0,0,0.4375],"texture":"#missing"},"east":{"uv":[1.75,7,2.25,7.4375],"texture":"#0"},"south":{"uv":[0,0,0,0.4375],"texture":"#missing"},"west":{"uv":[2.25,7,1.75,7.4375],"texture":"#0"},"up":{"uv":[0,0,0.5,0],"rotation":90,"texture":"#missing"},"down":{"uv":[0,0,0.5,0],"rotation":270,"texture":"#missing"}}},{"from":[16.5,10,6.5],"to":[16.5,13.5,10.5],"rotation":{"angle":0,"axis":"y","origin":[-3.5,15.75,9]},"faces":{"north":{"uv":[0,0,0,0.4375],"texture":"#missing"},"east":{"uv":[1.75,7,2.25,7.4375],"texture":"#0"},"south":{"uv":[0,0,0,0.4375],"texture":"#missing"},"west":{"uv":[2.25,7,1.75,7.4375],"texture":"#0"},"up":{"uv":[0,0,0.5,0],"rotation":90,"texture":"#missing"},"down":{"uv":[0,0,0.5,0],"rotation":270,"texture":"#missing"}}},{"from":[16.5,10,10.5],"to":[20.5,13.5,10.5],"rotation":{"angle":0,"axis":"y","origin":[0,0,-1]},"faces":{"north":{"uv":[1.75,7,2.25,7.4375],"texture":"#0"},"east":{"uv":[0,0,0,0.4375],"texture":"#missing"},"south":{"uv":[2.25,7,1.75,7.4375],"texture":"#0"},"west":{"uv":[0,0,0,0.4375],"texture":"#missing"},"up":{"uv":[0,0,0.5,0],"texture":"#missing"},"down":{"uv":[0,0,0.5,0],"texture":"#missing"}}},{"from":[16.75,10,6.75],"to":[20.25,13,10.25],"rotation":{"angle":0,"axis":"y","origin":[0,0,-1]},"faces":{"north":{"uv":[2.625,7.9375,3.0625,8.3125],"texture":"#0"},"east":{"uv":[2.625,7.9375,3.0625,8.3125],"texture":"#0"},"south":{"uv":[2.625,7.9375,3.0625,8.3125],"texture":"#0"},"west":{"uv":[2.625,7.9375,3.0625,8.3125],"texture":"#0"},"up":{"uv":[2.625,7.5,3.0625,7.9375],"texture":"#0"},"down":{"uv":[2.625,7.5,3.0625,7.9375],"texture":"#0"}}},{"from":[16.5,13.5,6.5],"to":[20.5,13.5,10.5],"rotation":{"angle":0,"axis":"y","origin":[-3.5,15.75,9]},"faces":{"north":{"uv":[0,0,0.5,0],"rotation":180,"texture":"#0"},"east":{"uv":[0,0,0,0.4375],"rotation":90,"texture":"#missing"},"south":{"uv":[0,0,0.5,0],"texture":"#missing"},"west":{"uv":[0,0,0,0.4375],"rotation":270,"texture":"#missing"},"up":{"uv":[2.25,7,2.75,7.5],"rotation":180,"texture":"#0"},"down":{"uv":[2.75,7.5,2.25,7],"rotation":180,"texture":"#0"}}},{"from":[17,17,7],"to":[20,20,10],"rotation":{"angle":0,"axis":"y","origin":[0,0,1]},"faces":{"north":{"uv":[2.625,3.0625,3,3.4375],"texture":"#1"},"east":{"uv":[2.625,3.0625,3,3.4375],"texture":"#1"},"south":{"uv":[2.625,3.0625,3,3.4375],"texture":"#1"},"west":{"uv":[2.625,3.0625,3,3.4375],"texture":"#1"},"up":{"uv":[2.625,3.4375,3,3.8125],"texture":"#1"},"down":{"uv":[2.625,3.4375,3,3.8125],"texture":"#1"}}},{"from":[20.5,17,7],"to":[23.5,20,10],"rotation":{"angle":0,"axis":"y","origin":[0,0,1]},"faces":{"north":{"uv":[2.625,3.0625,3,3.4375],"texture":"#1"},"east":{"uv":[2.625,3.0625,3,3.4375],"texture":"#1"},"south":{"uv":[2.625,3.0625,3,3.4375],"texture":"#1"},"west":{"uv":[2.625,3.0625,3,3.4375],"texture":"#1"},"up":{"uv":[2.625,3.4375,3,3.8125],"texture":"#1"},"down":{"uv":[2.625,3.4375,3,3.8125],"texture":"#1"}}},{"from":[24,17,7],"to":[27,20,10],"rotation":{"angle":0,"axis":"y","origin":[0,0,1]},"faces":{"north":{"uv":[2.625,3.0625,3,3.4375],"texture":"#1"},"east":{"uv":[2.625,3.0625,3,3.4375],"texture":"#1"},"south":{"uv":[2.625,3.0625,3,3.4375],"texture":"#1"},"west":{"uv":[2.625,3.0625,3,3.4375],"texture":"#1"},"up":{"uv":[2.625,3.4375,3,3.8125],"texture":"#1"},"down":{"uv":[2.625,3.4375,3,3.8125],"texture":"#1"}}},{"from":[22.3,20,7],"to":[25.3,23,10],"rotation":{"angle":22.5,"axis":"y","origin":[23.5,21.5,8.5]},"faces":{"north":{"uv":[2.625,3.0625,3,3.4375],"texture":"#1"},"east":{"uv":[2.625,3.0625,3,3.4375],"texture":"#1"},"south":{"uv":[2.625,3.0625,3,3.4375],"texture":"#1"},"west":{"uv":[2.625,3.0625,3,3.4375],"texture":"#1"},"up":{"uv":[2.625,3.4375,3,3.8125],"texture":"#1"},"down":{"uv":[2.625,3.4375,3,3.8125],"texture":"#1"}}},{"from":[18.5,20,7],"to":[21.5,23,10],"rotation":{"angle":0,"axis":"y","origin":[0,0,1]},"faces":{"north":{"uv":[2.625,3.0625,3,3.4375],"texture":"#1"},"east":{"uv":[2.625,3.0625,3,3.4375],"texture":"#1"},"south":{"uv":[2.625,3.0625,3,3.4375],"texture":"#1"},"west":{"uv":[2.625,3.0625,3,3.4375],"texture":"#1"},"up":{"uv":[2.625,3.4375,3,3.8125],"texture":"#1"},"down":{"uv":[2.625,3.4375,3,3.8125],"texture":"#1"}}},{"from":[11.3,23,10],"to":[14.3,26,13],"rotation":{"angle":22.5,"axis":"y","origin":[12.5,24.5,11.5]},"faces":{"north":{"uv":[2.625,3.0625,3,3.4375],"texture":"#1"},"east":{"uv":[2.625,3.0625,3,3.4375],"texture":"#1"},"south":{"uv":[2.625,3.0625,3,3.4375],"texture":"#1"},"west":{"uv":[2.625,3.0625,3,3.4375],"texture":"#1"},"up":{"uv":[2.625,3.4375,3,3.8125],"texture":"#1"},"down":{"uv":[2.625,3.4375,3,3.8125],"texture":"#1"}}},{"from":[6.5,23,10],"to":[9.5,26,13],"rotation":{"angle":0,"axis":"y","origin":[-11,3,4]},"faces":{"north":{"uv":[2.625,3.0625,3,3.4375],"texture":"#1"},"east":{"uv":[2.625,3.0625,3,3.4375],"texture":"#1"},"south":{"uv":[2.625,3.0625,3,3.4375],"texture":"#1"},"west":{"uv":[2.625,3.0625,3,3.4375],"texture":"#1"},"up":{"uv":[2.625,3.4375,3,3.8125],"texture":"#1"},"down":{"uv":[2.625,3.4375,3,3.8125],"texture":"#1"}}},{"from":[20,23,7],"to":[23,26,10],"rotation":{"angle":-45,"axis":"y","origin":[21.5,24.5,8.5]},"faces":{"north":{"uv":[2.625,3.0625,3,3.4375],"texture":"#1"},"east":{"uv":[2.625,3.0625,3,3.4375],"texture":"#1"},"south":{"uv":[2.625,3.0625,3,3.4375],"texture":"#1"},"west":{"uv":[2.625,3.0625,3,3.4375],"texture":"#1"},"up":{"uv":[2.625,3.4375,3,3.8125],"texture":"#1"},"down":{"uv":[2.625,3.4375,3,3.8125],"texture":"#1"}}}],"gui_light":"front","display":{"thirdperson_righthand":{"rotation":[67.5,0,0],"translation":[0,0.75,-2.5],"scale":[0.20117,0.20117,0.20117]},"thirdperson_lefthand":{"rotation":[67.5,0,0],"translation":[0,0.75,-2.5],"scale":[0.20117,0.20117,0.20117]},"firstperson_righthand":{"translation":[0,0.25,0],"scale":[0.23203,0.23203,0.23203]},"firstperson_lefthand":{"translation":[0,0.25,0],"scale":[0.23203,0.23203,0.23203]},"ground":{"translation":[0.25,6,-1.75],"scale":[0.4,0.4,0.4]},"gui":{"rotation":[30,135,0],"translation":[-0.5,-3.5,0],"scale":[0.3457,0.3457,0.3457]},"head":{"rotation":[0,180,0],"translation":[0,-30.4,0],"scale":[1.6,1.6,1.6]},"fixed":{"translation":[0,0,-16],"scale":[2,2,2]}}}